Id,category
0,Young Adult
0,Fiction
0,Science Fiction
0,Dystopia
0,Fantasy
0,Science Fiction
1,Fantasy
1,Young Adult
1,Fiction
2,Classics
2,Fiction
2,Historical
2,Historical Fiction
2,Academic
2,School
3,Classics
3,Fiction
3,Romance
4,Young Adult
4,Fantasy
4,Romance
4,Paranormal
4,Vampires
4,Fiction
4,Fantasy
4,Paranormal
5,Historical
5,Historical Fiction
5,Fiction
5,Young Adult
6,Fantasy
6,Classics
6,Fiction
6,Young Adult
6,Childrens
7,Classics
7,Fiction
7,Science Fiction
7,Dystopia
7,Fantasy
7,Literature
7,Academic
7,School
7,Politics
7,Science Fiction
7,Novels
7,Academic
7,Read For School
8,Classics
8,Historical
8,Historical Fiction
8,Fiction
8,Romance
8,Historical
9,Fantasy
9,Fiction
9,Classics
10,Young Adult
10,Fiction
10,Romance
10,Contemporary
11,Science Fiction
11,Fiction
11,Humor
11,Fantasy
11,Classics
12,Childrens
12,Childrens
12,Picture Books
12,Classics
12,Fiction
13,Classics
13,Fiction
13,Romance
13,Literature
14,Fiction
14,Mystery
14,Thriller
15,Fiction
15,Historical
15,Historical Fiction
15,Romance
15,Historical
16,Classics
16,Fantasy
16,Fiction
16,Childrens
17,Fiction
17,Classics
17,Horror
17,Fantasy
17,Literature
17,Gothic
17,Novels
17,Literature
17,19th Century
17,Classics
17,Classic Literature
17,European Literature
17,British Literature
18,Classics
18,Fiction
18,Historical
18,Historical Fiction
18,Literature
19,Young Adult
19,Science Fiction
19,Dystopia
19,Fiction
19,Fantasy
20,Classics
20,Fiction
20,Romance
20,Historical
20,Historical Fiction
20,Literature
20,Gothic
20,Historical
20,Literature
20,19th Century
20,Classics
20,Classic Literature
20,Academic
20,School
21,Classics
21,Plays
21,Fiction
21,Romance
21,Academic
21,School
21,Drama
21,Academic
21,Read For School
21,Literature
21,Young Adult
21,High School
21,Poetry
22,Classics
22,Fiction
22,Young Adult
22,Academic
22,School
22,Literature
23,Fiction
23,Classics
23,Fantasy
23,Philosophy
23,Novels
23,Spirituality
23,Literature
23,Inspirational
23,Adventure
23,Self Help
24,Classics
24,Fiction
24,Cultural
24,Russia
24,Literature
24,Literature
24,Russian Literature
25,Science Fiction
25,Fiction
25,Young Adult
25,Fantasy
26,Young Adult
26,Fiction
26,Contemporary
27,Fantasy
27,Young Adult
27,Fantasy
27,Paranormal
27,Romance
28,Fiction
28,Historical
28,Historical Fiction
28,Historical
28,Adult
29,Classics
29,Fiction
29,Academic
29,School
29,Literature
29,Historical
29,Historical Fiction
29,Romance
29,Novels
29,Academic
29,Read For School
29,Young Adult
29,High School
29,Literature
29,American
30,Fiction
30,Romance
30,Fantasy
30,Science Fiction
30,Time Travel
30,Science Fiction
31,Classics
31,Childrens
31,Fiction
32,Classics
32,Fiction
32,Young Adult
32,Childrens
32,Historical
32,Historical Fiction
32,Historical
32,Cultural
32,Canada
32,Childrens
32,Middle Grade
32,Audiobook
32,Young Adult
32,Coming Of Age
33,Classics
33,Fiction
33,Academic
33,School
33,Literature
33,Historical
33,Historical Fiction
34,Classics
34,Horror
34,Fiction
34,Fantasy
34,Paranormal
34,Vampires
35,Classics
35,Fiction
35,Science Fiction
35,Science Fiction
35,Dystopia
35,Literature
35,Novels
35,Academic
35,School
35,Fantasy
35,Science Fiction Fantasy
35,Philosophy
36,Fiction
36,Classics
36,Magical Realism
36,Literature
37,Classics
37,Fiction
37,Fantasy
37,Childrens
38,Fantasy
38,Fiction
38,Classics
38,Romance
38,Humor
38,Young Adult
39,Classics
39,Fiction
39,Childrens
39,Young Adult
39,Historical
39,Historical Fiction
39,Childrens
39,Middle Grade
39,Literature
39,Fantasy
39,Historical
39,Novels
40,Classics
40,Fiction
40,Young Adult
40,Literature
41,Fiction
41,Historical
41,Historical Fiction
42,Fantasy
42,Young Adult
42,Fiction
42,Classics
42,Science Fiction
42,Childrens
43,Classics
43,Fiction
43,Science Fiction
43,Science Fiction
43,Dystopia
44,Fantasy
44,Fiction
44,Fantasy
44,Epic Fantasy
45,Fantasy
45,Young Adult
45,Fantasy
45,Mythology
45,Fiction
46,Classics
46,Fiction
46,Historical
46,Historical Fiction
46,Literature
46,Young Adult
47,Fiction
47,Mystery
47,Young Adult
47,Contemporary
48,Childrens
48,Childrens
48,Picture Books
48,Fiction
48,Classics
49,Childrens
49,Childrens
49,Picture Books
49,Classics
49,Fiction
50,Fantasy
50,Young Adult
50,Fiction
51,Fiction
51,Fantasy
51,Classics
51,Adventure
52,Classics
52,Fiction
52,Historical
52,Historical Fiction
52,Literature
53,Classics
53,Young Adult
53,Fiction
53,Academic
53,School
54,Fiction
54,Historical
54,Historical Fiction
54,Romance
54,Historical
55,Classics
55,Fiction
55,Poetry
55,Fantasy
55,Mythology
55,Fantasy
55,Academic
55,School
55,Literature
55,Adventure
55,Academic
55,Read For School
55,Historical
55,Historical Fiction
56,Classics
56,Fiction
56,Literature
57,Classics
57,Fiction
57,Science Fiction
57,War
58,Classics
58,Fiction
58,War
58,Historical
58,Historical Fiction
58,Humor
59,Classics
59,Fiction
59,Horror
59,Science Fiction
59,Gothic
59,Fantasy
59,Literature
59,Academic
59,School
59,Novels
59,Literature
59,19th Century
60,Fiction
60,Historical
60,Historical Fiction
60,Contemporary
61,Historical
61,Historical Fiction
61,Fiction
61,Historical
62,Horror
62,Fiction
62,Fantasy
62,Science Fiction
62,Apocalyptic
62,Post Apocalyptic
63,Young Adult
63,Fiction
63,Classics
63,Science Fiction
63,Dystopia
63,Science Fiction
64,Classics
64,Fiction
64,Fantasy
64,Young Adult
64,Animals
65,Fiction
65,Classics
65,Science Fiction
65,Dystopia
65,Science Fiction
65,Feminism
66,Classics
66,Mystery
66,Fiction
66,Short Stories
66,Mystery
66,Crime
66,Mystery
66,Detective
66,Literature
66,Adventure
66,Literature
66,19th Century
66,Historical
66,Historical Fiction
67,Fiction
67,Contemporary
67,Womens Fiction
67,Chick Lit
68,Classics
68,Fiction
68,Literature
68,Psychology
69,Classics
69,Fiction
69,Feminism
69,Psychology
69,Mental Health
69,Mental Illness
69,Literature
69,Health
69,Mental Health
69,Novels
69,Poetry
69,Literature
69,American
70,Historical
70,Historical Fiction
70,Romance
70,Fantasy
70,Fiction
70,Science Fiction
70,Time Travel
70,Historical
70,Romance
70,Historical Romance
71,Fiction
71,Mystery
71,Thriller
71,Mystery
71,Crime
72,Classics
72,Fiction
72,Mystery
72,Romance
72,Gothic
73,Classics
73,Fiction
73,Historical
73,Historical Fiction
73,Young Adult
74,Childrens
74,Fiction
74,Fantasy
74,Classics
75,Classics
75,Fiction
75,Historical
75,Historical Fiction
75,Feminism
76,Fantasy
76,Classics
76,Fiction
76,Adventure
77,Classics
77,Fiction
77,Historical
77,Historical Fiction
77,Young Adult
78,Fiction
78,Science Fiction
78,Science Fiction
78,Dystopia
78,Apocalyptic
78,Post Apocalyptic
79,Nonfiction
79,Autobiography
79,Memoir
79,Biography
80,Classics
80,Fiction
80,Science Fiction
80,Science Fiction
80,Dystopia
81,Classics
81,Fiction
81,Cultural
81,Russia
81,Literature
81,Literature
81,Russian Literature
82,Science Fiction
82,Fiction
82,Fantasy
82,Classics
83,Young Adult
83,Paranormal
83,Vampires
83,Fantasy
83,Fantasy
83,Paranormal
83,Romance
84,Fiction
84,Historical
84,Historical Fiction
84,Cultural
84,Africa
84,Classics
85,Classics
85,Fiction
85,Philosophy
85,Religion
85,Literature
85,Spirituality
86,Fiction
86,Classics
86,Philosophy
86,Literature
86,Politics
87,Fantasy
87,Young Adult
87,Fiction
88,Classics
88,Fiction
88,Literature
88,European Literature
88,Spanish Literature
89,Fantasy
89,Young Adult
89,Fiction
90,Classics
90,Fiction
90,Science Fiction
90,Science Fiction
90,Dystopia
91,Romance
91,Fiction
91,Womens Fiction
91,Chick Lit
91,Contemporary
92,Classics
92,Fiction
92,Literature
92,Novels
92,Literature
92,American
92,Academic
92,School
92,Adventure
92,Classics
92,Classic Literature
92,Literature
92,20th Century
92,Literary Fiction
93,Classics
93,Fiction
93,Literature
93,Historical
93,Historical Fiction
94,Classics
94,Poetry
94,Horror
94,Fiction
94,Short Stories
95,Fiction
95,Classics
95,Literature
95,Contemporary
96,Classics
96,Childrens
96,Fiction
97,Classics
97,Fiction
97,Cultural
97,Russia
97,Romance
98,Classics
98,Fiction
98,Literature
98,Adventure
99,Horror
99,Fantasy
99,Fiction
99,Paranormal
99,Vampires
99,Fantasy
99,Paranormal
100,Classics
100,Fiction
100,Science Fiction
100,Science Fiction
100,Dystopia
101,Historical
101,Historical Fiction
101,Fiction
101,Christian
101,Literature
102,Fiction
102,Historical
102,Historical Fiction
102,Young Adult
102,Adult Fiction
103,Fantasy
103,Young Adult
103,Fiction
104,Fantasy
104,Young Adult
104,Fantasy
104,Paranormal
104,Science Fiction
104,Steampunk
104,Romance
105,Fiction
105,Historical
105,Historical Fiction
105,Contemporary
106,Classics
106,Fiction
106,Literature
106,Historical
106,Historical Fiction
107,Classics
107,Fiction
107,Adventure
107,Young Adult
107,Historical
107,Historical Fiction
107,Literature
107,Childrens
107,Academic
107,School
107,Novels
107,Literature
107,American
108,Classics
108,Fiction
108,Philosophy
108,Cultural
108,France
108,Literature
108,Novels
108,European Literature
108,French Literature
108,Academic
108,School
108,Literature
108,20th Century
108,Academic
108,Read For School
109,Mystery
109,Classics
109,Fiction
109,Mystery
109,Crime
109,Thriller
110,Fiction
110,Classics
110,Cultural
110,Russia
110,Fantasy
110,Literature
110,Russian Literature
110,Magical Realism
111,Childrens
111,Fantasy
111,Fiction
111,Classics
112,Fantasy
112,Young Adult
112,Fiction
113,Horror
113,Fiction
113,Thriller
114,Classics
114,Fiction
114,Travel
114,Literature
115,Fantasy
115,Young Adult
115,Fiction
115,Fantasy
115,Dragons
116,Childrens
116,Picture Books
116,Childrens
117,Nonfiction
117,Autobiography
117,Memoir
117,Biography
117,Inspirational
118,Fiction
118,Classics
118,Science Fiction
118,Young Adult
119,Fiction
119,Historical
119,Historical Fiction
119,Mystery
119,Fantasy
120,Fantasy
120,Fiction
120,Fantasy
120,Epic Fantasy
121,Young Adult
121,Fiction
121,Contemporary
121,Romance
122,Fiction
122,Mystery
122,Young Adult
122,Contemporary
123,Fiction
123,Classics
123,Philosophy
123,Literature
123,Novels
124,Classics
124,Fiction
124,Fantasy
124,Literature
124,Short Stories
124,Philosophy
125,Fiction
125,Historical
125,Historical Fiction
125,Mystery
125,Classics
125,Historical
125,Literature
126,Classics
126,Fiction
126,Historical
126,Historical Fiction
126,Academic
126,School
127,Fantasy
127,Young Adult
127,Fiction
128,Young Adult
128,Fantasy
128,Fantasy
128,Paranormal
128,Paranormal
128,Angels
128,Romance
129,Fiction
129,Inspirational
129,Contemporary
129,Fantasy
130,Fiction
130,Classics
130,Mystery
130,Crime
130,Thriller
130,Historical
130,Historical Fiction
131,Nonfiction
131,Classics
131,Crime
131,True Crime
131,Mystery
131,Crime
131,Mystery
132,Classics
132,Fiction
132,Cultural
132,Russia
132,Romance
133,Fiction
133,Historical
133,Historical Fiction
133,Westerns
133,Classics
133,Historical
134,Childrens
134,Childrens
134,Picture Books
134,Classics
134,Fiction
135,Fiction
135,Contemporary
135,Classics
135,Thriller
136,Young Adult
136,Fiction
136,Childrens
136,Childrens
136,Middle Grade
137,Science Fiction
137,Fiction
137,Fantasy
137,Classics
138,Classics
138,Childrens
138,Historical
138,Historical Fiction
138,Fiction
138,Young Adult
139,Fantasy
139,Fiction
139,Fantasy
139,Urban Fantasy
139,Fantasy
139,Mythology
139,Science Fiction
140,Sequential Art
140,Graphic Novels
140,Sequential Art
140,Comics
140,Fiction
140,Science Fiction
140,Fantasy
141,Classics
141,Poetry
141,Fiction
141,Literature
142,Plays
142,Classics
142,Humor
142,Fiction
142,Drama
142,Plays
142,Theatre
143,Classics
143,Fantasy
143,Fiction
143,Childrens
144,Fiction
144,Historical
144,Historical Fiction
144,Classics
144,Horror
144,Mystery
145,Classics
145,Fiction
145,Historical
145,Historical Fiction
145,War
145,Literature
146,Fantasy
146,Classics
146,Fiction
146,Young Adult
146,Childrens
147,Young Adult
147,Paranormal
147,Vampires
147,Fantasy
147,Fantasy
147,Paranormal
147,Romance
148,Classics
148,Fiction
148,Historical
148,Historical Fiction
148,Adventure
148,Literature
148,Cultural
148,France
148,Historical
148,Classics
148,Classic Literature
148,Novels
148,Romance
149,Horror
149,Fiction
149,Fantasy
150,Fantasy
150,Young Adult
150,Fantasy
150,Mythology
151,Romance
151,Fiction
151,Womens Fiction
151,Chick Lit
151,Young Adult
151,Contemporary
152,Fiction
152,Classics
152,Historical
152,Historical Fiction
152,Romance
152,Magical Realism
153,Young Adult
153,Science Fiction
153,Dystopia
153,Fiction
153,Fantasy
154,Fiction
154,Historical
154,Historical Fiction
154,Romance
154,Classics
154,Cultural
154,Australia
154,Historical
155,Fantasy
155,Young Adult
155,Fiction
156,Childrens
156,Childrens
156,Picture Books
156,Classics
156,Holiday
156,Christmas
156,Fiction
156,Holiday
156,Fantasy
156,Poetry
156,Humor
156,Kids
157,Classics
157,Fiction
157,Historical
157,Historical Fiction
157,Academic
157,School
157,Cultural
157,African American
158,Fiction
158,Historical
158,Historical Fiction
158,Romance
158,Classics
158,Historical
159,Classics
159,Plays
159,Fiction
159,Drama
159,Humor
159,Literature
159,Plays
159,Theatre
159,Academic
159,School
159,Humor
159,Comedy
159,Romance
160,Science Fiction
160,Fiction
160,Humor
160,Fantasy
160,Classics
161,Young Adult
161,Paranormal
161,Vampires
161,Fantasy
161,Fantasy
161,Paranormal
161,Romance
162,Nonfiction
162,Autobiography
162,Memoir
162,Travel
163,Classics
163,Fiction
163,Historical
163,Historical Fiction
163,Adventure
164,Classics
164,Fantasy
164,Fiction
164,Childrens
165,Childrens
165,Classics
166,Childrens
166,Childrens
166,Picture Books
166,Fiction
167,Young Adult
167,Paranormal
167,Vampires
167,Fantasy
167,Fantasy
167,Paranormal
167,Romance
168,Classics
168,Fiction
168,Young Adult
168,Childrens
169,Classics
169,Fiction
169,Historical
169,Historical Fiction
169,Cultural
169,China
169,Literature
170,Classics
170,Fiction
170,Literature
170,Romance
171,Classics
171,Plays
171,Fiction
171,Drama
171,Fantasy
172,Poetry
172,Philosophy
172,Classics
172,Fiction
172,Spirituality
172,Religion
173,Fantasy
173,Fiction
173,Historical
173,Historical Fiction
173,Mythology
173,Arthurian
173,Science Fiction Fantasy
174,Classics
174,Fiction
174,Literature
174,Cultural
174,Africa
174,Academic
174,School
175,Fantasy
175,Fiction
175,Humor
175,Fantasy
175,Urban Fantasy
176,Fiction
176,Historical
176,Historical Fiction
176,Classics
176,Cultural
176,China
176,Contemporary
177,Fantasy
177,Classics
177,Fiction
178,Fantasy
178,Young Adult
178,Fantasy
178,Mythology
179,Fiction
179,Classics
179,Philosophy
179,Fantasy
179,Spirituality
179,Inspirational
180,Classics
180,Fantasy
180,Fiction
180,Childrens
181,Fantasy
181,Fiction
181,Childrens
181,Classics
181,Young Adult
182,Classics
182,Fiction
182,Adventure
182,Young Adult
182,Animals
182,Historical
182,Historical Fiction
182,Literature
182,Academic
182,School
182,Childrens
182,Novels
183,Fantasy
183,Young Adult
183,Romance
183,Fantasy
183,Paranormal
184,Fantasy
184,Young Adult
184,Fantasy
184,Mythology
184,Fiction
185,Childrens
185,Picture Books
185,Childrens
185,Fiction
186,Classics
186,Fiction
186,Cultural
186,France
186,Literature
187,Fiction
187,Mystery
187,Thriller
187,Mystery
187,Crime
188,Young Adult
188,Fiction
188,Childrens
188,Fantasy
188,Classics
189,Fantasy
189,Young Adult
189,Fantasy
189,Mythology
189,Fiction
190,Young Adult
190,Fiction
190,Fantasy
190,Science Fiction
190,Dystopia
190,Science Fiction
191,Romance
191,Fiction
191,Adult Fiction
191,Erotica
191,Adult
191,Erotica
191,Bdsm
192,Classics
192,Fiction
192,Literature
192,Historical
192,Historical Fiction
193,Historical
193,Historical Fiction
193,Fiction
193,Fantasy
193,Historical
193,Classics
193,Romance
193,Adventure
193,Historical Fiction
193,Prehistoric
193,Adult
193,Adult Fiction
194,Classics
194,Fiction
194,Poetry
194,Literature
195,Classics
195,Fiction
195,Literature
195,Novels
196,Young Adult
196,Science Fiction
196,Dystopia
196,Science Fiction
197,Classics
197,Fiction
197,Adventure
197,Young Adult
198,Fiction
198,Classics
198,Contemporary
198,Literature
198,Novels
199,Fantasy
199,Classics
199,Fiction
199,Young Adult
199,Childrens
200,Classics
200,Fiction
200,Historical
200,Historical Fiction
200,War
200,Literature
201,Classics
201,Fiction
201,Literature
201,Historical
201,Historical Fiction
202,Fantasy
202,Fiction
202,Adult
203,Young Adult
203,Contemporary
203,Fiction
203,Realistic Fiction
204,Fantasy
204,Fiction
204,Fantasy
204,Epic Fantasy
204,Science Fiction Fantasy
205,Historical
205,Historical Fiction
205,Fiction
205,Cultural
205,Japan
205,Historical
205,Classics
206,Historical
206,Historical Fiction
206,Fiction
206,Historical
206,Romance
207,Fiction
207,Contemporary
207,Historical
207,Historical Fiction
208,History
208,Nonfiction
208,Classics
208,World War II
208,Holocaust
208,War
209,Young Adult
209,Paranormal
209,Vampires
209,Fantasy
209,Fantasy
209,Paranormal
209,Romance
210,Young Adult
210,Fantasy
210,Paranormal
210,Angels
210,Fantasy
210,Paranormal
210,Romance
211,Fantasy
211,Young Adult
211,Fiction
212,Classics
212,Fiction
212,Childrens
212,Young Adult
213,Fiction
213,Classics
213,Humor
213,Literature
214,Classics
214,Fiction
214,Literature
214,Novels
215,Historical
215,Historical Fiction
215,Fiction
215,Religion
215,Historical
215,Spirituality
215,Literature
215,Biblical Fiction
215,Biblical
215,Book Club
215,Adult
216,Young Adult
216,Fantasy
216,Paranormal
216,Fantasy
216,Paranormal
216,Vampires
216,Romance
217,Science Fiction
217,Fiction
217,Thriller
217,Adventure
217,Fantasy
218,Historical
218,Historical Fiction
218,Fiction
218,Young Adult
218,Historical
218,World War II
218,Holocaust
219,Childrens
219,Classics
219,Fiction
219,Childrens
219,Picture Books
220,Fiction
220,Classics
220,Historical
220,Historical Fiction
220,Literature
220,Magical Realism
221,Fantasy
221,Fiction
221,Classics
222,Mystery
222,Classics
222,Fiction
222,Mystery
222,Crime
223,Fiction
223,Classics
223,Science Fiction
223,Humor
223,Literature
224,Classics
224,Plays
224,Fiction
224,Historical
224,Historical Fiction
224,Drama
224,Academic
224,School
225,Historical
225,Historical Fiction
225,Fiction
225,Historical
225,Classics
225,Art
226,Young Adult
226,Fantasy
226,Romance
226,Fantasy
226,Paranormal
226,Shapeshifters
226,Werewolves
227,Poetry
227,Childrens
227,Classics
228,Nonfiction
228,Biography
228,History
228,Christian
228,Classics
228,Autobiography
228,Memoir
229,Fiction
229,Contemporary
229,Womens Fiction
229,Chick Lit
230,Classics
230,Fiction
230,Poetry
230,Fantasy
230,Mythology
231,Classics
231,Fiction
231,Literature
231,Philosophy
231,European Literature
231,German Literature
232,Fantasy
232,Young Adult
232,Fantasy
232,Mythology
233,Classics
233,Fiction
233,Childrens
233,Fantasy
234,Fantasy
234,Fiction
234,Romance
234,Historical
234,Historical Fiction
235,Fiction
235,Cultural
235,India
235,Historical
235,Historical Fiction
235,Contemporary
236,Fiction
236,Classics
236,Christian
236,Religion
236,Religion
236,Christianity
236,Fantasy
237,Nonfiction
237,Animals
237,Autobiography
237,Memoir
237,Animals
237,Dogs
237,Biography
238,Fantasy
238,Young Adult
238,Romance
238,Fantasy
238,Paranormal
238,Science Fiction
238,Steampunk
239,Horror
239,Fiction
239,Thriller
239,Mystery
239,Mystery
239,Crime
240,Fantasy
240,Young Adult
240,Fantasy
240,Paranormal
240,Romance
240,Fantasy
240,Urban Fantasy
240,Paranormal
240,Vampires
240,Paranormal
240,Angels
240,Fiction
240,Fantasy
240,Supernatural
240,Fantasy
240,Magic
241,Young Adult
241,Science Fiction
241,Dystopia
241,Science Fiction
242,Young Adult
242,Romance
242,Science Fiction
242,Dystopia
242,Fantasy
243,Classics
243,Fiction
243,Horror
243,Romance
244,Young Adult
244,Paranormal
244,Vampires
244,Fantasy
244,Fantasy
244,Paranormal
244,Romance
244,Fiction
244,Fantasy
244,Supernatural
244,Fantasy
244,Urban Fantasy
244,Romance
244,Paranormal Romance
244,Young Adult
244,Teen
245,Fantasy
245,Young Adult
245,Fiction
245,Romance
245,Fantasy
245,Fairy Tales
245,Childrens
246,Fiction
246,Magical Realism
246,Cultural
246,Japan
246,Asian Literature
246,Japanese Literature
246,Fantasy
247,Nonfiction
247,Psychology
247,Philosophy
247,History
247,Autobiography
247,Memoir
247,Classics
248,Classics
248,Fiction
248,Literature
248,Literature
248,American
249,Fiction
249,Christian Fiction
249,Religion
249,Spirituality
250,Fiction
250,Classics
250,Humor
251,Fiction
251,Science Fiction
251,Dystopia
251,Science Fiction
251,Literature
252,Young Adult
252,Paranormal
252,Vampires
252,Fantasy
252,Romance
252,Fantasy
252,Paranormal
253,Historical
253,Historical Fiction
253,Fiction
253,Classics
253,Historical
254,Fantasy
254,Fiction
254,Fantasy
254,Epic Fantasy
254,Science Fiction Fantasy
255,Sequential Art
255,Comics
255,Humor
255,Sequential Art
255,Graphic Novels
255,Fiction
256,Science Fiction
256,Fiction
256,Classics
256,Science Fiction Fantasy
257,Young Adult
257,Fiction
257,Historical
257,Historical Fiction
257,Classics
257,Childrens
258,Fantasy
258,Young Adult
258,Romance
259,Classics
259,Fiction
259,Literature
259,Historical
259,Historical Fiction
259,War
260,
261,Historical
261,Historical Fiction
261,Fiction
261,Historical
261,Romance
261,War
261,World War II
262,Young Adult
262,Science Fiction
262,Dystopia
262,Fiction
262,Fantasy
262,Science Fiction
263,Horror
263,Fiction
263,Fantasy
263,Thriller
264,Fiction
264,Magical Realism
264,Historical
264,Historical Fiction
264,Classics
264,Fantasy
265,Young Adult
265,Science Fiction
265,Dystopia
265,Romance
266,Fiction
266,Mystery
266,Thriller
266,Mystery
266,Crime
267,Fiction
267,Contemporary
267,Literary Fiction
267,Literature
267,Mental Health
267,Mental Illness
267,Novels
267,Family
267,Adult Fiction
267,Adult
267,Health
267,Mental Health
268,Fiction
268,Contemporary
268,Womens Fiction
268,Chick Lit
269,Horror
269,Fantasy
269,Paranormal
269,Vampires
269,Fiction
269,Fantasy
269,Paranormal
270,Romance
270,New Adult
270,Contemporary
270,Young Adult
270,Romance
270,Contemporary Romance
271,Young Adult
271,Contemporary
271,Fiction
271,Romance
272,Classics
272,Plays
272,Drama
272,Fiction
272,Academic
272,School
273,Humor
273,Fiction
273,Historical
273,Historical Fiction
273,Fantasy
273,Religion
273,Humor
273,Comedy
274,Fantasy
274,Classics
274,Fiction
274,Historical
274,Historical Fiction
274,Mythology
274,Arthurian
275,Historical
275,Historical Fiction
275,Northern Africa
275,Egypt
275,Fiction
275,Historical
276,Horror
276,Fiction
276,Thriller
277,Nonfiction
277,Biography
277,Adventure
277,Travel
278,Classics
278,Plays
278,Drama
278,Fiction
279,Classics
279,Fiction
279,Cultural
279,Russia
279,Literature
279,Russian Literature
279,Literature
280,Young Adult
280,Fiction
280,Contemporary
280,Realistic Fiction
281,Fantasy
281,Young Adult
281,Fiction
281,Romance
281,Fantasy
281,Magic
282,Young Adult
282,Fantasy
282,Science Fiction
282,Science Fiction
282,Dystopia
283,Fantasy
283,Fiction
283,Fantasy
283,Urban Fantasy
283,Science Fiction Fantasy
284,Fiction
284,Historical
284,Historical Fiction
284,Fantasy
284,Mystery
284,Historical
285,Classics
285,Fiction
285,Historical
285,Historical Fiction
285,Literature
285,Historical
285,Literature
285,American
285,Novels
285,Classics
285,Classic Literature
285,Literature
285,19th Century
285,Cultural
285,African American
286,Classics
286,Fiction
286,Literature
286,Cultural
286,African American
287,Childrens
287,Fantasy
287,Fiction
287,Classics
288,Fantasy
288,Young Adult
288,Fiction
289,Nonfiction
289,Animals
289,Autobiography
289,Memoir
289,Classics
289,Biography
290,Poetry
290,Classics
290,Fiction
290,Literature
291,Fiction
291,Mystery
291,Historical
291,Historical Fiction
291,Gothic
291,Writing
291,Books About Books
292,Fantasy
292,Young Adult
292,Romance
292,Fiction
293,Classics
293,Fiction
293,Philosophy
293,Cultural
293,France
293,Literature
294,Fiction
294,Historical
294,Historical Fiction
294,Classics
294,Literature
295,Classics
295,Poetry
295,Fiction
295,Literature
295,Religion
296,Fiction
296,Historical
296,Historical Fiction
296,War
296,Classics
296,Short Stories
297,Horror
297,Fiction
297,Short Stories
297,Thriller
298,Classics
298,Fiction
298,Young Adult
298,Childrens
299,Classics
299,Poetry
299,Plays
299,Fiction
300,Classics
300,Mystery
300,Fiction
300,Mystery
300,Crime
301,Classics
301,Childrens
301,Fiction
302,Science Fiction
302,Fiction
302,Classics
303,Young Adult
303,Fiction
303,Childrens
303,Classics
304,Classics
304,Nonfiction
304,Philosophy
304,Environment
304,Nature
305,Classics
305,Fiction
305,Feminism
305,Academic
305,School
305,Literature
306,Classics
306,Science Fiction
306,Fiction
306,Science Fiction
306,Time Travel
306,Fantasy
307,Fiction
307,Mystery
307,Contemporary
308,Fiction
308,Classics
308,Historical
308,Historical Fiction
308,World War II
308,Holocaust
308,War
309,Fantasy
309,Young Adult
309,Fantasy
309,Paranormal
309,Romance
310,Philosophy
310,Fiction
310,Young Adult
310,Classics
310,Novels
311,Fiction
311,Cultural
311,Japan
311,Asian Literature
311,Japanese Literature
311,Romance
311,Contemporary
312,Fiction
312,American
312,Southern
312,Classics
312,Contemporary
312,Romance
313,Childrens
313,Picture Books
313,Childrens
314,Fantasy
314,Paranormal
314,Vampires
314,Fantasy
314,Paranormal
314,Fantasy
314,Urban Fantasy
314,Romance
314,Fiction
314,Mystery
315,Fiction
315,Historical
315,Historical Fiction
315,Lgbt
315,Classics
315,Womens Fiction
315,Chick Lit
315,American
315,Southern
316,Romance
316,Adult Fiction
316,Erotica
316,Fiction
316,Erotica
316,Bdsm
316,Adult
317,Fiction
317,Magical Realism
317,Cultural
317,Japan
317,Fantasy
317,Asian Literature
317,Japanese Literature
317,Contemporary
318,Womens Fiction
318,Chick Lit
318,Fiction
318,Romance
318,Humor
318,Contemporary
319,Fantasy
319,Fiction
319,Fantasy
319,Epic Fantasy
320,Fiction
320,Classics
320,Short Stories
320,Literature
321,Fiction
321,Historical
321,Historical Fiction
321,Cultural
321,Africa
321,Classics
322,Young Adult
322,Contemporary
322,Romance
322,Fiction
323,Fiction
323,Classics
323,Cultural
323,Africa
323,Historical
323,Historical Fiction
323,Academic
323,School
323,Literature
324,Fantasy
324,Young Adult
324,Fantasy
324,Mythology
325,Classics
325,Fiction
325,Literature
325,Historical
325,Historical Fiction
325,Literature
325,19th Century
326,Nonfiction
326,Classics
326,History
326,Biography
326,Autobiography
326,Memoir
327,Fantasy
327,Classics
327,Fiction
327,Young Adult
327,Childrens
328,Fiction
328,Mystery
328,Thriller
328,Mystery
328,Crime
329,Fantasy
330,Nonfiction
330,Science
330,History
331,Fiction
331,Science Fiction
331,Science Fiction
331,Dystopia
332,Classics
332,Fiction
332,Literature
332,Novels
333,Fiction
333,Mystery
333,Thriller
333,Mystery
333,Crime
333,Suspense
334,Fiction
334,Contemporary
334,Literary Fiction
334,Book Club
335,Classics
335,Fiction
335,Fantasy
335,Adventure
335,Literature
335,Novels
335,Classics
335,Classic Literature
335,Literature
335,18th Century
335,Academic
335,School
335,European Literature
335,British Literature
336,Romance
336,Classics
336,Historical
336,Historical Fiction
336,Fiction
337,Historical
337,Historical Fiction
337,Fiction
337,Historical
337,Romance
337,Military History
337,Civil War
338,Adult Fiction
338,Erotica
338,Fiction
338,Erotica
338,Bdsm
338,Adult
338,Contemporary
338,Romance
338,Womens Fiction
338,Chick Lit
338,Romance
338,Contemporary Romance
338,Romance
338,Erotic Romance
338,New Adult
339,Fiction
339,Animals
339,Animals
339,Dogs
339,Contemporary
339,Adult Fiction
340,Young Adult
340,Romance
340,Contemporary
340,Fiction
341,Childrens
341,Picture Books
341,Childrens
342,Historical
342,Historical Fiction
342,Young Adult
342,Fiction
342,Classics
342,Childrens
342,Historical
342,World War II
342,Holocaust
343,Young Adult
343,Romance
343,Fantasy
343,Science Fiction
343,Fiction
344,Classics
344,Fiction
344,Childrens
344,Animals
344,Young Adult
345,Classics
345,Mystery
345,Fiction
345,Mystery
345,Crime
346,Cultural
346,Africa
346,Travel
346,Nonfiction
346,History
346,Adventure
346,Autobiography
346,Memoir
347,Religion
347,Religion
347,Islam
347,Nonfiction
347,Classics
347,Philosophy
348,Young Adult
348,Science Fiction
348,Dystopia
348,Fiction
348,Science Fiction
349,Childrens
349,Fantasy
349,Fiction
350,Classics
350,Fiction
350,Literature
350,European Literature
350,Irish Literature
351,Young Adult
351,Romance
351,Contemporary
351,Fiction
352,Sequential Art
352,Graphic Novels
352,Sequential Art
352,Comics
352,Fiction
352,Science Fiction
352,Dystopia
352,Science Fiction
353,Fantasy
353,Young Adult
353,Fantasy
353,Dragons
353,Fiction
354,Fantasy
354,Young Adult
354,Fantasy
354,Mythology
355,Fantasy
355,Fiction
355,Horror
355,Science Fiction
356,Classics
356,Horror
356,Fiction
356,Short Stories
356,Academic
356,School
356,Fantasy
356,Academic
356,Read For School
356,Poetry
356,Thriller
356,Literature
356,American
357,Classics
357,Fiction
357,Adventure
357,Animals
357,Young Adult
357,Literature
357,Historical
357,Historical Fiction
357,Childrens
357,Novels
357,Literature
357,American
358,Science Fiction
358,Fiction
358,Classics
358,Science Fiction
358,Dystopia
359,Young Adult
359,Fantasy
359,Fantasy
359,Paranormal
359,Romance
360,Romance
360,Fantasy
360,Paranormal
360,Paranormal
360,Vampires
360,Romance
360,Paranormal Romance
360,Fantasy
361,Classics
361,Fiction
361,Young Adult
361,Academic
361,School
361,Historical
361,Historical Fiction
362,Classics
362,Poetry
362,Fiction
362,Fantasy
362,Literature
362,Academic
362,School
363,Fantasy
363,Young Adult
363,Fiction
363,Horror
363,Childrens
363,Fantasy
363,Paranormal
364,Fiction
364,Young Adult
364,Classics
364,Contemporary
365,Classics
365,Fiction
365,Literature
365,Novels
366,Classics
366,Fiction
366,Romance
367,Fiction
367,Historical
367,Historical Fiction
367,Literature
368,Romance
368,Fiction
368,Womens Fiction
368,Chick Lit
368,Contemporary
369,Fantasy
369,Young Adult
369,Classics
369,Fiction
369,Childrens
370,Nonfiction
370,Autobiography
370,Memoir
370,Biography
370,Psychology
371,Fantasy
371,Young Adult
371,Fantasy
371,Dragons
371,Fiction
372,Young Adult
372,Fantasy
372,Paranormal
372,Angels
372,Fantasy
372,Paranormal
372,Romance
372,Romance
372,Paranormal Romance
372,Fantasy
372,Supernatural
372,Fiction
372,Fantasy
372,Urban Fantasy
372,Young Adult
372,Teen
373,Classics
373,Fiction
373,Historical
373,Historical Fiction
373,Literature
374,Young Adult
374,Science Fiction
374,Dystopia
374,Fiction
374,Fantasy
374,Science Fiction
375,Romance
375,Fiction
375,Womens Fiction
375,Chick Lit
375,Young Adult
375,Contemporary
376,Fiction
376,Historical
376,Historical Fiction
376,Classics
376,Romance
376,Historical
377,Sequential Art
377,Graphic Novels
377,Sequential Art
377,Comics
377,Nonfiction
377,History
377,Biography
378,Young Adult
378,Fantasy
378,Paranormal
378,Romance
378,Fantasy
378,Science Fiction
378,Aliens
378,Science Fiction
378,Romance
378,Paranormal Romance
379,Fiction
379,Cultural
379,India
379,Magical Realism
379,Classics
379,Historical
379,Historical Fiction
379,Fantasy
379,Literature
380,Fiction
380,Thriller
380,Mystery
380,Mystery
380,Crime
380,Suspense
380,Thriller
380,Legal Thriller
381,Young Adult
381,Fiction
381,Realistic Fiction
381,Romance
381,Contemporary
382,Science Fiction
382,Fiction
382,Classics
382,Short Stories
383,Philosophy
383,Nonfiction
383,Religion
383,Classics
383,Spirituality
383,Poetry
384,Fantasy
384,Fiction
384,Fantasy
384,Epic Fantasy
384,Science Fiction Fantasy
385,Philosophy
385,Fiction
385,Classics
385,Spirituality
386,Classics
386,Fiction
386,Adventure
386,Literature
387,Classics
387,Fiction
387,Historical
387,Historical Fiction
387,Cultural
387,Russia
387,Literature
387,Russian Literature
388,Fiction
388,Romance
388,Magical Realism
388,Historical
388,Historical Fiction
388,Classics
388,Fantasy
388,Food and Drink
388,Food
389,Fiction
389,Classics
389,Philosophy
389,European Literature
389,German Literature
389,Literature
390,Classics
390,Fiction
390,Short Stories
391,Romance
391,Fiction
391,Contemporary
391,Womens Fiction
391,Chick Lit
392,Fantasy
392,Young Adult
392,Fiction
393,Science Fiction
393,Fiction
393,Young Adult
393,Science Fiction
393,Dystopia
393,Fantasy
394,Horror
394,Fiction
394,Paranormal
394,Vampires
394,Fantasy
395,Classics
395,Poetry
395,Fiction
395,Literature
396,Young Adult
396,Fantasy
396,Fantasy
396,Paranormal
396,Romance
397,Classics
397,Fiction
397,Historical
397,Historical Fiction
397,Cultural
397,France
398,Fiction
398,Science Fiction
398,Fantasy
398,Historical
398,Historical Fiction
399,Young Adult
399,Science Fiction
399,Dystopia
399,Romance
399,Fantasy
400,Childrens
400,Fantasy
400,Fiction
401,Fiction
401,Cultural
401,India
401,Historical
401,Historical Fiction
402,Historical
402,Historical Fiction
402,Romance
402,Fantasy
402,Fiction
402,Science Fiction
402,Time Travel
402,Historical
403,Science
403,Nonfiction
403,Classics
403,Science
403,Biology
403,Biology
403,Evolution
403,Philosophy
404,Plays
404,Classics
404,Drama
404,Fiction
404,Academic
404,School
405,Young Adult
405,Fantasy
405,Science Fiction
406,Fiction
406,Contemporary
406,Adult
406,Adult Fiction
407,Academic
407,School
407,Classics
407,Academic
407,Read For School
407,Plays
407,Plays
407,Theatre
407,Young Adult
407,High School
408,Fantasy
408,Classics
408,Fiction
409,Fantasy
409,Young Adult
409,Fiction
410,Fiction
410,Classics
410,Science Fiction
410,Humor
410,Literature
411,Fantasy
411,Fiction
411,Fantasy
411,Epic Fantasy
411,Fantasy
411,High Fantasy
412,Fiction
412,Horror
412,Classics
412,Thriller
412,Mystery
412,Crime
413,Historical
413,Historical Fiction
413,Fiction
413,Cultural
413,China
413,Historical
413,Cultural
413,Asia
414,Nonfiction
414,Crime
414,True Crime
414,Mystery
414,Mystery
414,Crime
415,Classics
415,Fiction
415,Plays
415,Poetry
415,European Literature
415,German Literature
415,Drama
416,Fiction
416,Contemporary
416,Literature
417,Fiction
417,Classics
417,Abandoned
417,Literature
417,Novels
418,Classics
418,Philosophy
418,Nonfiction
418,Politics
418,History
419,Young Adult
419,Romance
419,Contemporary
419,Womens Fiction
419,Chick Lit
420,Horror
420,Fantasy
420,Fiction
420,Mystery
420,Magical Realism
420,Literature
421,Fantasy
421,Fiction
421,Fantasy
421,Epic Fantasy
421,Fantasy
421,High Fantasy
422,Fantasy
422,Young Adult
422,Romance
422,Fantasy
422,Paranormal
422,Paranormal
422,Angels
423,Classics
423,Historical
423,Historical Fiction
423,Fiction
423,Adventure
423,Romance
423,Historical
424,Romance
424,New Adult
424,Young Adult
424,Contemporary
425,Fiction
425,Classics
425,Historical
425,Historical Fiction
425,Young Adult
425,Literature
425,Jewish
425,Religion
425,Literature
426,Fiction
426,Music
426,Contemporary
426,Humor
426,Romance
427,Fiction
427,Horror
427,Mystery
428,Fantasy
428,Young Adult
428,Fantasy
428,Paranormal
428,Romance
429,Fantasy
429,Young Adult
429,Fiction
429,Short Stories
430,Fiction
430,Classics
430,Philosophy
430,Cultural
430,France
430,Literature
431,Young Adult
431,Science Fiction
431,Dystopia
431,Romance
432,Fiction
432,Contemporary
432,Womens Fiction
432,Chick Lit
433,Fiction
433,Historical
433,Historical Fiction
433,Classics
433,Literature
433,Literary Fiction
433,Historical
434,Nonfiction
434,History
434,Biography
434,War
434,War
434,World War II
435,Fiction
435,Historical
435,Historical Fiction
435,European Literature
435,German Literature
435,World War II
435,Holocaust
436,Fantasy
436,Fiction
436,Historical
436,Historical Fiction
436,Historical
436,Fantasy
436,Magic
437,Young Adult
437,Paranormal
437,Vampires
437,Fantasy
437,Fantasy
437,Paranormal
438,Young Adult
438,Fiction
438,Realistic Fiction
438,Contemporary
438,Childrens
438,Middle Grade
439,Fiction
439,Contemporary
439,Young Adult
439,Classics
440,Fantasy
440,Fiction
440,Fantasy
440,Epic Fantasy
441,Fantasy
441,Romance
441,Young Adult
441,New Adult
442,Fiction
442,Westerns
442,Historical
442,Historical Fiction
442,Classics
442,Literature
442,Novels
443,Fantasy
443,Young Adult
443,Fiction
443,Childrens
444,Classics
444,Fiction
444,Historical
444,Historical Fiction
444,Romance
444,Literature
445,Young Adult
445,Paranormal
445,Vampires
445,Fantasy
445,Fantasy
445,Paranormal
446,Fantasy
446,Young Adult
446,Fiction
447,Classics
447,Fiction
447,Historical
447,Historical Fiction
447,Literature
448,Childrens
448,Classics
448,Fiction
449,Fantasy
449,Young Adult
449,Fiction
449,Fantasy
449,Paranormal
450,Science Fiction
450,Fiction
450,Science Fiction
450,Cyberpunk
451,Science Fiction
451,Fiction
452,Christian Fiction
452,Christian
452,Fiction
452,Romance
452,Historical
452,Historical Fiction
452,Historical
453,Classics
453,Fiction
453,Horror
453,Science Fiction
453,Mystery
453,Gothic
453,Fantasy
453,Literature
453,Literature
453,19th Century
453,Academic
453,School
454,Poetry
454,Classics
454,Fiction
454,Literature
455,Fiction
455,Cultural
455,India
455,Travel
455,Adventure
456,Nonfiction
456,History
456,Crime
456,True Crime
456,Mystery
456,Crime
457,Fantasy
457,Paranormal
457,Romance
457,Paranormal Romance
457,Romance
457,Paranormal
457,Vampires
457,Fantasy
457,Urban Fantasy
458,Classics
458,Fiction
458,Romance
459,Classics
459,Fiction
459,Literature
459,Academic
459,School
460,Fiction
460,Womens Fiction
460,Chick Lit
460,Contemporary
460,Adult Fiction
461,Fiction
461,Mystery
461,Thriller
462,Plays
462,Classics
462,Drama
462,Fiction
462,Plays
462,Theatre
462,Literature
463,Young Adult
463,Paranormal
463,Vampires
463,Fantasy
463,Fantasy
463,Paranormal
464,Fiction
464,Historical
464,Historical Fiction
464,Science Fiction
464,Science Fiction
464,Time Travel
464,Fantasy
465,Classics
465,Fiction
465,Short Stories
465,Literature
465,Cultural
465,Ireland
465,European Literature
465,Irish Literature
466,Classics
466,Fiction
466,Historical
466,Historical Fiction
466,Literature
467,Nonfiction
467,Humor
467,Autobiography
467,Memoir
467,Writing
467,Essays
467,Short Stories
468,Fantasy
468,Fiction
468,Classics
468,Young Adult
468,Childrens
469,Fiction
469,Historical
469,Historical Fiction
469,Contemporary
469,Novels
470,Fiction
470,Historical
470,Historical Fiction
470,Mystery
470,Historical
471,Classics
471,Fiction
471,Literature
471,Novels
472,Fantasy
472,Young Adult
472,Paranormal
472,Vampires
472,Romance
472,Fiction
472,Fantasy
472,Paranormal
472,Romance
472,Paranormal Romance
472,Fantasy
472,Supernatural
472,Young Adult
472,Teen
472,Shapeshifters
472,Werewolves
473,Historical
473,Historical Fiction
473,Fiction
473,Classics
473,Historical
473,Literature
474,Classics
474,Fiction
474,Romance
474,Literature
475,Fantasy
475,Young Adult
475,Fantasy
475,Mythology
476,Nonfiction
476,Classics
476,Autobiography
476,Memoir
476,Biography
476,Biography
476,Autobiography
477,Fantasy
477,Fiction
477,Fantasy
477,Epic Fantasy
478,Science Fiction
478,Fiction
478,Classics
478,Short Stories
479,Horror
479,Fiction
479,Thriller
479,Fantasy
479,Paranormal
480,Classics
480,Plays
480,Fiction
480,Drama
480,Academic
480,School
481,Fantasy
481,Fiction
481,Classics
481,Young Adult
481,Childrens
482,Young Adult
482,Paranormal
482,Vampires
482,Fantasy
482,Fantasy
482,Paranormal
482,Romance
483,Young Adult
483,Romance
483,Fantasy
483,Paranormal
483,Fairies
483,Fae
483,Paranormal
483,Fairies
483,Fantasy
483,Urban Fantasy
483,Adventure
484,Classics
484,Fiction
484,Literature
484,Literature
484,19th Century
485,Horror
485,Fiction
485,Classics
485,Fantasy
485,Paranormal
485,Thriller
486,Young Adult
486,Romance
486,Science Fiction
486,Dystopia
487,Historical
487,Historical Fiction
487,Romance
487,Fantasy
487,Fiction
487,Science Fiction
487,Time Travel
487,Historical
488,Young Adult
488,Fantasy
488,Paranormal
488,Angels
488,Fantasy
488,Paranormal
488,Romance
489,Classics
489,Fiction
489,Historical
489,Historical Fiction
489,Literature
490,Classics
490,Fiction
490,Historical
490,Historical Fiction
490,Literature
491,Nonfiction
491,Religion
491,Science
491,Philosophy
491,Religion
491,Atheism
492,Philosophy
492,Classics
492,Nonfiction
492,Politics
492,History
492,Academic
492,School
492,Literature
492,Politics
492,Political Science
492,Literature
492,Ancient
492,Academic
492,College
493,Fiction
493,Classics
493,War
493,Historical
493,Historical Fiction
493,Horror
493,Literature
494,Classics
494,Poetry
494,Fiction
495,Fantasy
495,Young Adult
495,Fantasy
495,Paranormal
495,Romance
495,Fantasy
495,Urban Fantasy
496,Fantasy
496,Young Adult
496,Romance
497,Classics
497,Fiction
497,Literature
497,Novels
497,European Literature
497,British Literature
497,Literary Fiction
497,Literature
497,20th Century
497,Romance
497,Classics
497,Classic Literature
497,Young Adult
497,Coming Of Age
498,Science Fiction
498,Fiction
498,Science Fiction
498,Cyberpunk
499,Nonfiction
499,Autobiography
499,Memoir
499,Biography
499,Travel
500,Young Adult
500,Fantasy
500,Historical
500,Historical Fiction
500,Fiction
500,Historical
501,Classics
501,Fiction
501,Romance
501,Historical
501,Historical Fiction
501,Literature
501,19th Century
502,Horror
502,Fantasy
502,Fiction
502,Fantasy
502,Paranormal
502,Paranormal
502,Witches
503,Romance
503,Adult Fiction
503,Erotica
503,Contemporary
503,Adult
503,Romance
503,Contemporary Romance
504,Romance
504,Young Adult
504,Contemporary
504,Romance
504,Contemporary Romance
505,Fantasy
505,Paranormal
505,Paranormal
505,Vampires
505,Fantasy
505,Urban Fantasy
505,Romance
505,Romance
505,Paranormal Romance
505,Fantasy
506,Fantasy
506,Fiction
506,Fantasy
506,Epic Fantasy
507,Science Fiction
507,Fiction
507,Young Adult
507,Science Fiction
507,Dystopia
507,Fantasy
507,Paranormal
507,Science Fiction
507,Aliens
508,Fiction
508,Classics
508,Cultural
508,Africa
508,Historical
508,Historical Fiction
508,Southern Africa
508,South Africa
508,Literature
509,Fiction
509,Romance
509,Magical Realism
509,Cultural
509,France
509,Fantasy
510,Horror
510,Fiction
510,Horror
510,Zombies
510,Science Fiction
510,Fantasy
510,Apocalyptic
510,Post Apocalyptic
511,Young Adult
511,Science Fiction
511,Science Fiction
511,Dystopia
512,Young Adult
512,Fantasy
512,Fantasy
512,Paranormal
512,Fantasy
512,Urban Fantasy
513,Childrens
513,Childrens
513,Picture Books
514,Classics
514,Fiction
514,Literature
514,Historical
514,Historical Fiction
515,Classics
515,Mystery
515,Fiction
515,Gothic
515,Literature
515,19th Century
515,Horror
515,Historical
515,Victorian
515,Historical
515,Historical Fiction
515,Literature
515,European Literature
515,British Literature
516,Classics
516,Science Fiction
516,Fiction
516,Fantasy
516,Science Fiction Fantasy
516,Literature
516,Horror
516,Novels
516,Science Fiction
516,Aliens
516,Literature
516,19th Century
517,Childrens
517,Picture Books
517,Childrens
517,Christian
518,Childrens
518,Picture Books
518,Childrens
518,Holiday
518,Christmas
519,Fiction
519,Philosophy
519,Spirituality
519,Classics
519,Environment
520,Young Adult
520,Romance
520,Contemporary
520,Fiction
520,Realistic Fiction
521,Young Adult
521,Fantasy
521,Paranormal
521,Fantasy
521,Romance
522,Classics
522,Plays
522,Fiction
522,Drama
523,Romance
523,Paranormal Romance
523,Fantasy
523,Paranormal
523,Romance
523,Fantasy
523,Paranormal
523,Vampires
524,Young Adult
524,Paranormal
524,Angels
524,Fantasy
524,Fantasy
524,Paranormal
524,Romance
525,Young Adult
525,Science Fiction
525,Dystopia
525,Science Fiction
525,Fiction
526,Historical
526,Historical Fiction
526,Fiction
526,World War II
526,Holocaust
526,Historical
526,War
526,World War II
527,Plays
527,Classics
527,Drama
527,Fiction
527,Plays
527,Theatre
527,Academic
527,School
527,Literature
527,Academic
527,Read For School
527,Young Adult
527,High School
527,Literature
527,American
528,Fantasy
528,Paranormal
528,Vampires
528,Fantasy
528,Paranormal
528,Fantasy
528,Urban Fantasy
528,Romance
528,Fiction
528,Mystery
529,Classics
529,Fiction
529,Romance
529,Literature
530,Fiction
530,Classics
530,Philosophy
530,Literature
530,European Literature
530,German Literature
530,Novels
530,Cultural
530,Germany
530,Literature
530,20th Century
530,Spirituality
530,Nobel Prize
531,Young Adult
531,Romance
531,Contemporary
531,Womens Fiction
531,Chick Lit
532,Young Adult
532,Paranormal
532,Vampires
532,Fantasy
532,Fantasy
532,Paranormal
533,Young Adult
533,Fantasy
533,Science Fiction
534,Nonfiction
534,Adventure
534,Autobiography
534,Memoir
534,Travel
534,Biography
534,History
535,Classics
535,Fiction
535,Literature
535,War
535,Historical
535,Novels
535,Literature
535,Russian Literature
535,Literature
535,19th Century
535,Romance
535,Philosophy
536,Short Stories
536,Fiction
536,Classics
536,Literature
536,Literature
536,American
537,Nonfiction
537,Autobiography
537,Memoir
537,Biography
537,Inspirational
537,Self Help
538,Classics
538,Fiction
538,Fantasy
538,Short Stories
539,Historical
539,Historical Fiction
539,Romance
539,Historical
539,Romance
539,Historical Romance
539,Fiction
540,Philosophy
540,Nonfiction
540,Classics
541,Fiction
541,Classics
541,Young Adult
541,Historical
541,Historical Fiction
541,Romance
542,Classics
542,Plays
542,Drama
542,Fiction
543,Fantasy
543,Young Adult
543,Fiction
543,Horror
543,Childrens
544,Fiction
544,Historical
544,Historical Fiction
544,Contemporary
545,Fantasy
545,Young Adult
545,Romance
546,Classics
546,Fiction
546,Cultural
546,France
546,Literature
546,European Literature
546,French Literature
547,Horror
547,Fiction
547,Thriller
547,Fantasy
547,Fantasy
547,Paranormal
547,Fantasy
547,Supernatural
547,Suspense
547,Adult
547,Horror
547,Zombies
547,Mystery
548,Fantasy
548,Young Adult
548,Paranormal
548,Angels
548,Fantasy
548,Paranormal
548,Science Fiction
548,Dystopia
549,Fantasy
549,Fiction
549,Fantasy
549,Paranormal
549,Romance
549,Paranormal
549,Vampires
549,Paranormal
549,Witches
550,Classics
550,Fiction
550,Romance
550,Literature
550,19th Century
551,Fantasy
551,Young Adult
551,Fantasy
551,Paranormal
551,Romance
551,Fantasy
551,Urban Fantasy
552,Fiction
552,Contemporary
552,Novels
553,Young Adult
553,Romance
553,Science Fiction
553,Dystopia
553,Fantasy
554,Short Stories
554,Fiction
554,Cultural
554,India
555,Classics
555,Childrens
555,Fiction
555,Young Adult
555,Historical
556,Romance
556,New Adult
556,Young Adult
556,Contemporary
556,Romance
556,Contemporary Romance
557,Historical
557,Historical Fiction
557,Fiction
557,Historical
557,War
558,Romance
558,Womens Fiction
558,Chick Lit
558,Fiction
558,Contemporary
558,Adult
558,Romance
558,Contemporary Romance
558,Love
558,Adult Fiction
558,Drama
558,Cultural
558,Ireland
559,Fantasy
559,Classics
559,Fiction
559,Young Adult
559,Childrens
560,Classics
560,Plays
560,Drama
560,Fiction
561,Fantasy
561,Young Adult
561,Fantasy
561,Mythology
562,Classics
562,Plays
562,Fiction
562,Drama
562,Cultural
562,France
562,Romance
563,Science Fiction
563,Fiction
563,Classics
563,Science Fiction Fantasy
563,Space
563,Fantasy
563,Novels
563,Audiobook
563,Literature
563,Speculative Fiction
564,Classics
564,Fiction
564,Historical
564,Historical Fiction
564,Literature
565,Historical
565,Historical Fiction
565,Romance
565,Fantasy
565,Fiction
565,Science Fiction
565,Time Travel
565,Historical
566,Classics
566,Historical
566,Historical Fiction
566,Childrens
566,Fiction
566,Young Adult
567,Historical
567,Historical Fiction
567,Fiction
567,Historical
568,Fantasy
568,Young Adult
568,Fiction
568,Fantasy
568,Magic
569,Young Adult
569,Science Fiction
569,Dystopia
569,Fantasy
569,Science Fiction
570,Fantasy
570,Fiction
570,Classics
570,Young Adult
570,Childrens
571,Fantasy
571,Young Adult
571,Romance
571,New Adult
572,Fiction
572,Historical
572,Historical Fiction
572,Cultural
572,Africa
572,Book Club
572,Eastern Africa
572,Ethiopia
572,Health
572,Medicine
573,Fantasy
573,Young Adult
573,Fantasy
573,Fairy Tales
573,Romance
573,Fiction
574,Science Fiction
574,Dystopia
574,Young Adult
574,Romance
574,Fantasy
575,Fiction
575,Classics
575,Historical
575,Historical Fiction
575,Politics
575,Literature
576,Classics
576,Plays
576,Fiction
576,Drama
576,Academic
576,School
577,Fiction
577,Historical
577,Historical Fiction
577,Book Club
577,Adult Fiction
578,Science Fiction
578,Fiction
578,Space
578,Space Opera
579,Fantasy
579,Young Adult
579,Fantasy
579,Paranormal
579,Romance
580,Fantasy
580,Mythology
580,Classics
580,Nonfiction
580,History
581,Romance
581,Fantasy
581,Paranormal
581,Paranormal
581,Vampires
581,Romance
581,Paranormal Romance
581,Fantasy
582,Young Adult
582,Contemporary
582,Fiction
582,Romance
582,Fantasy
583,Fantasy
583,Fiction
583,Mystery
583,Humor
583,Science Fiction
584,Fantasy
584,Urban Fantasy
584,Fantasy
584,Fantasy
584,Paranormal
584,Romance
584,Romance
584,Paranormal Romance
584,Fairies
584,Fae
585,Fiction
585,Contemporary
585,Thriller
586,Fiction
586,Animals
586,Animals
586,Dogs
586,Contemporary
587,Classics
587,Fiction
587,Young Adult
587,Historical
587,Historical Fiction
587,Childrens
588,Fiction
588,Christian
588,Christian Fiction
588,Religion
588,Fantasy
589,Mystery
589,Young Adult
589,Fiction
589,Childrens
589,Childrens
589,Middle Grade
589,Classics
590,Nonfiction
590,History
590,Biography
590,Sports and Games
590,Sports
590,Animals
591,Fiction
591,Contemporary
591,Adult Fiction
591,Adult
592,Science Fiction
592,Fiction
592,Fantasy
593,Fantasy
593,Young Adult
593,Romance
593,Fantasy
593,Magic
593,Fiction
594,Fiction
594,Thriller
594,Mystery
594,Crime
594,Westerns
594,Mystery
594,Literature
595,Horror
595,Fantasy
596,Self Help
596,Nonfiction
596,Spirituality
596,Psychology
597,Horror
597,Fantasy
597,Paranormal
597,Vampires
597,Fiction
597,Fantasy
597,Paranormal
598,Young Adult
598,Science Fiction
598,Dystopia
598,Science Fiction
598,Fantasy
598,Fiction
598,Fantasy
598,Paranormal
598,Adventure
598,Romance
598,Fantasy
598,Supernatural
598,Young Adult
598,Teen
599,Horror
599,Fiction
599,Science Fiction
599,Paranormal
599,Vampires
599,Fantasy
599,Short Stories
600,Fantasy
600,Fiction
600,Classics
600,Young Adult
600,Childrens
601,Fiction
601,Historical
601,Historical Fiction
601,Romance
601,Classics
601,Mystery
602,Fiction
602,Classics
602,Cultural
602,African American
602,Historical
602,Historical Fiction
602,Literature
603,Fantasy
603,Fantasy
603,Urban Fantasy
603,Fantasy
603,Paranormal
603,Romance
603,Romance
603,Paranormal Romance
603,Fairies
603,Fae
604,Nonfiction
604,Classics
604,Philosophy
604,History
604,War
604,Politics
604,Business
604,War
604,Military Fiction
604,Cultural
604,China
604,Leadership
605,Fiction
605,Historical
605,Historical Fiction
605,Romance
605,Novels
606,Fiction
606,Mystery
606,Thriller
607,Young Adult
607,Romance
607,Contemporary
607,Fiction
607,Realistic Fiction
608,Plays
608,Drama
608,Fiction
608,Classics
608,Plays
608,Theatre
608,Humor
609,Young Adult
609,Science Fiction
609,Dystopia
609,Science Fiction
610,History
610,Biography
610,Nonfiction
610,North American Hi...
610,American History
610,Politics
610,Presidents
611,Classics
611,Plays
611,Drama
611,Fiction
611,Academic
611,School
612,Fiction
612,Contemporary
612,Literary Fiction
612,Adult Fiction
612,Literature
612,Novels
612,Book Club
612,Adult
612,Drama
612,Abandoned
613,Fiction
613,Mystery
613,Historical
613,Historical Fiction
613,Literature
613,Classics
614,Young Adult
614,Science Fiction
614,Dystopia
614,Science Fiction
614,Fantasy
615,Historical
615,Historical Fiction
615,Fiction
615,Military History
615,Civil War
615,War
615,Historical
616,Young Adult
616,Fantasy
616,Dragons
616,Fiction
617,Paranormal
617,Vampires
617,Young Adult
617,Fantasy
617,Fantasy
617,Paranormal
618,Classics
618,Short Stories
618,Fiction
618,Feminism
618,Horror
618,Literature
619,Young Adult
619,Lgbt
619,Contemporary
619,Romance
620,Fiction
620,Historical
620,Historical Fiction
620,Mystery
620,Cultural
620,Canada
621,Fantasy
621,Classics
621,Fiction
621,Young Adult
621,Childrens
622,Mystery
622,Fiction
622,Womens Fiction
622,Chick Lit
622,Humor
622,Romance
623,Fantasy
623,Young Adult
624,Nonfiction
624,History
624,North American Hi...
624,American History
624,Historical
625,Fantasy
625,Paranormal
625,Romance
625,Paranormal Romance
625,Paranormal
625,Vampires
625,Romance
625,Fantasy
626,Science Fiction
626,Dystopia
626,Young Adult
626,Romance
627,Classics
627,Fiction
627,Romance
628,Young Adult
628,Science Fiction
628,Dystopia
628,Science Fiction
629,Fiction
629,Thriller
629,Mystery
629,Suspense
629,Spy Thriller
629,Espionage
630,Fiction
630,Young Adult
630,Childrens
630,Fantasy
631,Holiday
631,Christmas
631,Childrens
631,Childrens
631,Picture Books
631,Classics
631,Poetry
631,Fiction
631,Holiday
631,Fantasy
631,Kids
631,Childrens
631,Juvenile
632,Fantasy
632,Young Adult
632,Fiction
632,Fantasy
632,Magic
632,Adventure
633,Fiction
633,Classics
633,Science Fiction
633,Literature
633,Historical
633,Historical Fiction
633,Novels
634,Fiction
635,Historical
635,Historical Fiction
635,Romance
635,Fiction
635,Fantasy
635,Science Fiction
635,Time Travel
635,Historical
636,Fantasy
636,Young Adult
636,Fantasy
636,Paranormal
636,Romance
637,Fiction
637,Classics
637,Cultural
637,Russia
637,Historical
637,Historical Fiction
637,Literature
637,Russian Literature
637,Literature
637,Novels
637,Historical
637,Literature
637,20th Century
637,Academic
637,School
638,Fantasy
638,Fiction
638,Young Adult
638,Classics
639,Fiction
639,Classics
639,Fantasy
639,Mystery
639,Literature
640,Fiction
640,Fantasy
640,Humor
640,Magical Realism
640,Literature
641,Fiction
641,Contemporary
641,Environment
641,Nature
642,Science Fiction
642,Fiction
642,Fantasy
642,Classics
643,Horror
643,Classics
643,Fiction
643,Gothic
643,Mystery
643,Fantasy
643,Paranormal
644,Fiction
644,Historical
644,Historical Fiction
644,Romance
644,Classics
644,War
644,Historical
645,Fiction
645,Science Fiction
645,Science Fiction
645,Dystopia
645,Apocalyptic
645,Post Apocalyptic
645,Fantasy
646,Classics
646,Fantasy
646,Fiction
646,Fantasy
646,Fairy Tales
646,Short Stories
646,Childrens
646,Literature
646,European Literature
646,German Literature
646,Fantasy
646,Mythology
646,Young Adult
647,Romance
647,Fiction
647,Womens Fiction
647,Chick Lit
647,Contemporary
648,Science
648,Nonfiction
648,Science
648,Physics
648,History
649,Classics
649,European Literature
649,Italian Literature
649,Literature
649,Novels
649,Fiction
649,Magical Realism
649,Cultural
649,Italy
650,Romance
650,Fiction
650,Classics
650,Womens Fiction
650,Chick Lit
650,Contemporary
650,Novels
650,Love
650,Romance
650,Love Story
650,Drama
650,Adult
651,Mystery
651,Fiction
651,Cultural
651,Africa
651,Mystery
651,Crime
652,Young Adult
652,Contemporary
652,Mystery
652,Fiction
652,Romance
653,Fantasy
653,Fiction
653,Classics
653,Adventure
654,Nonfiction
654,Biography
654,Classics
654,Adventure
654,Autobiography
654,Memoir
655,Historical
655,Historical Fiction
655,Romance
655,Fiction
655,Fantasy
655,Science Fiction
655,Time Travel
655,Historical
656,Fantasy
656,Humor
656,Fiction
656,Science Fiction Fantasy
657,Paranormal
657,Vampires
657,Young Adult
657,Fantasy
657,Paranormal
657,Fantasy
657,Fantasy
657,Urban Fantasy
658,Young Adult
658,Contemporary
658,Fiction
658,Mental Health
658,Mental Illness
658,Health
658,Mental Health
658,Realistic Fiction
658,Romance
658,Audiobook
658,Did Not Finish
658,Young Adult
658,Teen
659,Religion
659,Nonfiction
659,Christianity
659,Lds
659,Religion
659,Church
660,Fiction
660,Romance
660,Historical
660,Historical Fiction
660,Womens Fiction
660,Chick Lit
661,Romance
661,New Adult
661,Contemporary
661,Romance
661,Contemporary Romance
661,Young Adult
662,Young Adult
662,Science Fiction
662,Dystopia
662,Romance
663,Fiction
663,Contemporary
663,Philosophy
664,Womens Fiction
664,Chick Lit
664,Humor
664,Funny
664,Adult Fiction
664,Romance
664,Contemporary Romance
665,Mystery
665,Fiction
665,Mystery
665,Crime
665,Classics
665,Mystery
665,Noir
665,Mystery
665,Detective
666,Fiction
666,Fantasy
666,Magical Realism
666,Cultural
666,Japan
666,Science Fiction
667,Nonfiction
667,Food and Drink
667,Food
667,Science
667,Health
667,History
667,Health
667,Nutrition
668,Classics
668,Fiction
668,Holiday
668,Christmas
668,Fantasy
668,Literature
668,Historical
668,Historical Fiction
668,Holiday
668,Literature
668,19th Century
668,Classics
668,Classic Literature
668,Academic
668,School
669,Fantasy
669,Paranormal
669,Vampires
669,Fantasy
669,Paranormal
669,Fantasy
669,Urban Fantasy
669,Fiction
669,Romance
669,Mystery
670,Romance
670,Paranormal Romance
670,Fantasy
670,Paranormal
670,Paranormal
670,Vampires
670,Romance
670,Fantasy
671,History
671,Nonfiction
671,North American Hi...
671,American History
671,Classics
671,Historical
672,Fiction
672,Historical
672,Historical Fiction
672,Classics
672,Literature
673,Young Adult
673,Romance
673,Mystery
673,Contemporary
674,Fiction
674,Cultural
674,France
674,Philosophy
674,Contemporary
675,Classics
675,Historical
675,Historical Fiction
675,Fiction
675,Adventure
675,Literature
676,Fantasy
676,Young Adult
676,Romance
677,Young Adult
677,Fantasy
677,Science Fiction
677,Romance
678,Fiction
678,Classics
678,Philosophy
678,Science Fiction
678,Dystopia
678,Science Fiction
679,Classics
679,Poetry
679,Fiction
679,Fantasy
679,Mythology
679,Literature
680,Romance
680,Paranormal Romance
680,Fantasy
680,Paranormal
680,Paranormal
680,Vampires
680,Romance
680,Fantasy
681,Classics
681,Fiction
681,Literature
681,Literature
681,19th Century
682,Fantasy
682,Romance
682,Paranormal Romance
682,Young Adult
682,Teen
683,Classics
683,Fiction
683,Childrens
683,Fantasy
684,Fiction
684,Classics
684,Historical
684,Historical Fiction
684,Literature
684,Jewish
684,Religion
684,Religion
684,Judaism
685,Fiction
685,Thriller
685,Horror
685,Science Fiction
685,Mystery
685,Suspense
686,Fantasy
686,Paranormal
686,Vampires
686,Fantasy
686,Paranormal
686,Fantasy
686,Urban Fantasy
686,Fiction
686,Romance
686,Mystery
686,Romance
686,Paranormal Romance
686,Fantasy
686,Supernatural
686,Adult
687,Horror
687,Fiction
687,Mystery
687,Fantasy
687,Thriller
687,Fantasy
687,Paranormal
688,Science
688,Nonfiction
688,Science
688,Astronomy
688,Science
688,Physics
688,History
689,Science Fiction
689,Fiction
689,Classics
690,Historical
690,Historical Fiction
690,Mystery
690,Fiction
690,Thriller
690,Mystery
690,Crime
690,Historical
690,Thriller
690,Mystery Thriller
691,Fiction
691,Mystery
691,Thriller
691,Historical
691,Historical Fiction
692,Fiction
692,Childrens
692,Young Adult
692,Mystery
692,Classics
693,Science Fiction
693,Fiction
693,Young Adult
693,Fantasy
693,Science Fiction Fantasy
694,Fantasy
694,Fiction
694,Fantasy
694,Epic Fantasy
694,Fantasy
694,High Fantasy
695,Nonfiction
695,Economics
695,Business
695,Science
695,Psychology
696,Fiction
696,Romance
696,Contemporary
696,Womens Fiction
696,Chick Lit
697,Nonfiction
697,Fantasy
697,Mythology
697,Philosophy
697,Religion
697,History
697,Psychology
698,Nonfiction
698,Autobiography
698,Memoir
698,Classics
698,Inspirational
699,Nonfiction
699,Biography
699,Classics
699,Autobiography
699,Memoir
699,Biography
699,Autobiography
699,History
700,Fiction
700,Classics
700,Cultural
700,African American
700,Historical
700,Historical Fiction
700,Literature
701,Fiction
701,Contemporary
701,Novels
702,Horror
702,Fiction
702,Science Fiction
702,Thriller
703,Fiction
703,Classics
703,Historical
703,Historical Fiction
703,Cultural
703,African American
703,Literature
704,Classics
704,Fiction
704,Literature
704,Literature
704,19th Century
705,Nonfiction
705,Classics
705,History
705,Autobiography
705,Memoir
705,World War II
705,Holocaust
705,Biography
706,Fiction
706,Science Fiction
706,Historical
706,Historical Fiction
706,Science Fiction
706,Cyberpunk
707,Young Adult
707,Fiction
707,Realistic Fiction
707,Childrens
707,Childrens
707,Middle Grade
708,Childrens
708,Childrens
708,Picture Books
708,Fiction
709,Fantasy
709,Young Adult
709,Fiction
709,Childrens
709,Middle Grade
709,Childrens
709,Romance
710,Fiction
710,Childrens
710,Realistic Fiction
710,Young Adult
710,Childrens
710,Middle Grade
711,Fiction
711,Cultural
711,India
711,Contemporary
712,Fiction
712,Fantasy
712,Cultural
712,Japan
712,Asian Literature
712,Japanese Literature
712,Magical Realism
712,Science Fiction
713,Fiction
713,Thriller
713,Mystery
713,Suspense
714,Fiction
714,Classics
714,European Literature
714,German Literature
714,Literature
714,Philosophy
714,Novels
715,Fantasy
715,Young Adult
715,Fiction
715,Horror
716,
717,Young Adult
717,Fantasy
717,Paranormal
717,Angels
717,Fantasy
717,Paranormal
717,Romance
718,Science Fiction
718,Fiction
718,Apocalyptic
718,Post Apocalyptic
718,Classics
718,Science Fiction
718,Dystopia
719,Classics
719,Fantasy
719,Childrens
719,Fiction
720,Young Adult
720,Contemporary
720,Fiction
720,Romance
721,Young Adult
721,Fiction
721,Womens Fiction
721,Chick Lit
721,Contemporary
722,Classics
722,Fiction
722,Literature
722,European Literature
722,British Literature
723,Fiction
723,Science Fiction
723,Dystopia
723,Horror
723,Science Fiction
723,Young Adult
723,Thriller
724,Fantasy
724,Fantasy
724,Paranormal
724,Romance
724,Fantasy
724,Urban Fantasy
724,Romance
724,Paranormal Romance
724,Fairies
724,Fae
725,Poetry
725,Classics
725,Fiction
726,Fantasy
726,Young Adult
726,Fantasy
726,Paranormal
726,Romance
727,Fantasy
727,Young Adult
727,Romance
727,Fiction
728,Young Adult
728,Fiction
728,Mystery
728,Contemporary
729,Horror
729,Fantasy
729,Fiction
729,Classics
729,Science Fiction
730,Romance
730,Adult Fiction
730,Erotica
730,Contemporary
730,Romance
730,Contemporary Romance
730,Adult
731,Young Adult
731,Fiction
731,Contemporary
731,Health
731,Mental Health
732,Science Fiction
732,Fiction
732,Classics
733,Fiction
733,Historical
733,Historical Fiction
733,Classics
733,American
733,Southern
733,Adult Fiction
734,Fiction
734,Short Stories
734,Literature
734,Classics
734,Fantasy
734,Magical Realism
735,Science Fiction
735,Fiction
735,Classics
735,Science Fiction Fantasy
736,Fantasy
736,Young Adult
736,Science Fiction
736,Time Travel
736,Romance
736,Historical
736,Historical Fiction
737,Young Adult
737,Poetry
737,Fiction
737,Contemporary
738,Young Adult
738,Science Fiction
738,Dystopia
738,Science Fiction
739,Young Adult
739,Fantasy
739,Fantasy
739,Paranormal
739,Fantasy
739,Urban Fantasy
739,Fantasy
739,Supernatural
740,Romance
740,Romance
740,Contemporary Romance
740,Adult Fiction
740,Erotica
740,Contemporary
740,Adult
740,New Adult
740,Did Not Finish
741,Science Fiction
741,Dystopia
741,Young Adult
741,Fantasy
741,Paranormal
741,Science Fiction
742,Young Adult
742,Fantasy
742,Fantasy
742,Paranormal
742,Fantasy
742,Urban Fantasy
742,Romance
742,Fantasy
742,Supernatural
743,Romance
743,New Adult
743,Contemporary
743,Romance
743,Contemporary Romance
743,Young Adult
744,Young Adult
744,Fantasy
744,Science Fiction
744,Romance
745,Fiction
745,Philosophy
745,Spirituality
745,Fantasy
745,Classics
746,Classics
746,Fiction
746,Romance
747,Historical
747,Historical Fiction
747,Fiction
747,Young Adult
747,Childrens
747,Sequential Art
747,Graphic Novels
747,Fantasy
748,Mystery
748,Fiction
748,Mystery
748,Crime
748,Classics
749,Classics
749,Fiction
749,Literature
749,Literature
749,American
750,Science Fiction
750,Fiction
750,Humor
750,Fantasy
751,Classics
751,Fiction
751,Literature
751,Academic
751,School
752,Fiction
752,Classics
752,Historical
752,Historical Fiction
753,Classics
753,Plays
753,Drama
753,Academic
753,School
753,Fiction
753,Academic
753,Read For School
754,Fantasy
754,Romance
754,Fiction
754,Historical
754,Historical Fiction
754,Fantasy
754,Fairy Tales
754,Young Adult
755,Young Adult
755,Science Fiction
755,Dystopia
755,Science Fiction
756,Young Adult
756,Paranormal
756,Vampires
756,Fantasy
756,Fantasy
756,Paranormal
756,Romance
757,Historical
757,Historical Fiction
757,Young Adult
757,Fiction
757,Classics
757,Childrens
757,Historical
758,Fantasy
758,Fiction
758,Classics
758,Adventure
759,Young Adult
759,Romance
759,Contemporary
759,Sociology
759,Abuse
759,Fiction
759,New Adult
759,Did Not Finish
759,Dark
759,Romance
759,Contemporary Romance
759,Young Adult
759,High School
760,Fiction
760,Contemporary
760,Literature
761,Fiction
761,Humor
761,Fantasy
761,Humor
761,Comedy
761,Science Fiction Fantasy
762,Nonfiction
762,Biography
762,Autobiography
762,Memoir
763,Classics
763,Science Fiction
763,Fiction
763,Adventure
764,Fiction
764,Classics
764,Science Fiction
764,Fantasy
764,Young Adult
765,Historical
765,Historical Fiction
765,Fiction
765,Classics
765,Historical
765,Cultural
765,Israel
765,Literature
765,Jewish
766,Paranormal
766,Vampires
766,Fantasy
766,Paranormal
766,Fantasy
766,Urban Fantasy
766,Romance
766,Paranormal Romance
766,Romance
766,Fantasy
767,Fantasy
767,Urban Fantasy
767,Paranormal
767,Vampires
767,Fantasy
767,Fantasy
767,Paranormal
767,Horror
767,Romance
768,Science Fiction
768,Fiction
768,Fantasy
768,Religion
769,Fiction
769,Historical
769,Historical Fiction
769,Thriller
769,Drama
770,Young Adult
770,Contemporary
770,Lgbt
770,Romance
770,Fiction
771,Fantasy
771,Fiction
771,Fantasy
771,Epic Fantasy
771,Fantasy
771,High Fantasy
772,Young Adult
772,Fantasy
772,Paranormal
773,Fiction
773,Contemporary
773,Psychology
773,Book Club
774,Fiction
774,Humor
774,Historical
774,Historical Fiction
774,Classics
774,Media Tie In
774,Movies
775,Fantasy
775,Fiction
775,Adventure
776,Fantasy
776,Paranormal
776,Vampires
776,Fantasy
776,Paranormal
776,Fantasy
776,Urban Fantasy
776,Romance
776,Fiction
776,Mystery
777,Young Adult
777,Paranormal
777,Vampires
777,Fantasy
777,Fantasy
777,Paranormal
778,Classics
778,Fiction
778,Literature
778,Literature
778,American
779,Fiction
779,Historical
779,Historical Fiction
779,Mystery
779,Historical
779,Cultural
779,Australia
779,Romance
779,Adult Fiction
779,European Literature
779,British Literature
779,Adult
779,Book Club
780,Philosophy
780,Fiction
780,Classics
780,Cultural
780,France
780,Literature
781,Historical
781,Historical Fiction
781,Fiction
781,Art
781,Classics
781,Cultural
781,Italy
782,Young Adult
782,Fantasy
782,Paranormal
782,Romance
782,Science Fiction
782,Aliens
782,Fantasy
782,Science Fiction
783,Poetry
783,Classics
783,Fiction
783,Literature
784,Fiction
784,Short Stories
784,Classics
784,Magical Realism
784,Literature
784,Fantasy
785,Romance
785,Fiction
785,Womens Fiction
785,Chick Lit
785,Contemporary
785,Adult
786,Fiction
786,Historical
786,Historical Fiction
786,Christian Fiction
786,Classics
786,Christian
786,Romance
786,Historical
787,Science Fiction
787,Fantasy
788,Nonfiction
788,Self Help
788,Business
788,Psychology
788,Self Help
788,Personal Development
789,Fantasy
789,Fiction
789,Humor
790,Fiction
790,Thriller
790,War
790,Military Fiction
790,Suspense
790,Mystery
791,Nonfiction
791,Writing
791,Books About Books
791,Autobiography
791,Memoir
791,Biography
792,Fiction
792,Fantasy
792,Romance
792,Historical
792,Historical Fiction
793,Romance
793,Fiction
793,Womens Fiction
793,Chick Lit
793,Contemporary
794,Fiction
794,Contemporary
794,Classics
795,Fiction
795,Horror
795,Fantasy
795,Contemporary
796,Horror
796,Fiction
796,Science Fiction
796,Fantasy
796,Paranormal
796,Vampires
796,Apocalyptic
796,Post Apocalyptic
797,Classics
797,Fiction
797,Fantasy
797,Historical
797,Historical Fiction
797,Humor
797,Science Fiction
797,Time Travel
797,Literature
797,Adventure
797,Science Fiction
797,Mythology
797,Arthurian
798,Fiction
798,Romance
798,Classics
798,Womens Fiction
798,Chick Lit
799,Nonfiction
799,Self Help
799,Business
799,Self Help
799,Personal Development
799,Leadership
799,Psychology
799,Productivity
799,Business
799,Management
799,Philosophy
799,Audiobook
800,Mystery
800,Crime
800,Fiction
800,Mystery
800,Thriller
800,Suspense
801,Romance
801,Paranormal Romance
801,Paranormal
801,Vampires
801,Romance
801,Fantasy
802,Classics
802,Fiction
802,Historical
802,Historical Fiction
803,Fiction
803,Animals
803,Dogs
803,Animals
803,Adult Fiction
804,Nonfiction
804,History
804,Cultural
804,China
804,Biography
804,Autobiography
804,Memoir
804,Cultural
804,Asia
805,Young Adult
805,Science Fiction
805,Dystopia
805,Fantasy
805,Science Fiction
805,Fiction
806,Fantasy
806,Paranormal
806,Vampires
806,Fantasy
806,Paranormal
806,Fantasy
806,Urban Fantasy
806,Fiction
806,Romance
806,Mystery
807,Nonfiction
807,Language
807,Writing
807,Autobiography
807,Memoir
807,Biography
808,Fantasy
808,Urban Fantasy
808,Fantasy
808,Paranormal
808,Fantasy
808,Fairies
808,Fae
808,Romance
808,Paranormal Romance
808,Adult
809,Historical
809,Historical Fiction
809,Young Adult
809,Classics
809,Childrens
809,Fiction
809,Childrens
809,Middle Grade
809,Cultural
809,African American
809,Academic
809,Read For School
809,Historical
809,Realistic Fiction
810,Romance
810,New Adult
810,Contemporary
810,Romance
810,Contemporary Romance
810,Did Not Finish
810,Young Adult
811,Fiction
811,Womens Fiction
811,Chick Lit
811,Romance
811,Contemporary
811,Adult Fiction
812,Fantasy
812,Paranormal
812,Vampires
812,Fantasy
812,Paranormal
812,Fantasy
812,Urban Fantasy
812,Fiction
812,Romance
812,Mystery
813,Romance
813,New Adult
813,Contemporary
813,Young Adult
813,Romance
813,Contemporary Romance
813,Academic
813,College
814,Mystery
814,Fiction
814,Thriller
814,Mystery
814,Crime
814,Thriller
814,Mystery Thriller
814,Suspense
815,Young Adult
815,Paranormal
815,Vampires
815,Fantasy
815,Fantasy
815,Paranormal
815,Romance
816,Fantasy
816,Paranormal
816,Vampires
816,Fantasy
816,Paranormal
816,Fantasy
816,Urban Fantasy
816,Fiction
816,Romance
816,Mystery
817,Classics
817,Fiction
817,European Literature
817,German Literature
817,Literature
818,Fiction
818,American
818,Southern
818,Contemporary
819,Nonfiction
819,Travel
819,Humor
819,Autobiography
819,Memoir
819,Environment
819,Nature
819,Adventure
820,Classics
820,Nonfiction
820,Autobiography
820,Memoir
820,Biography
820,Travel
821,Classics
821,Fiction
821,Romance
822,Fiction
822,Science Fiction
822,Apocalyptic
822,Post Apocalyptic
822,Classics
822,Science Fiction
822,Dystopia
822,Science Fiction
822,Apocalyptic
823,Romance
823,Romance
823,Paranormal Romance
823,Fantasy
823,Paranormal
823,Fantasy
823,Fantasy
823,Urban Fantasy
824,Fiction
824,Classics
824,Literature
824,Novels
824,Contemporary
825,Fiction
825,Romance
825,Contemporary
825,Womens Fiction
825,Chick Lit
826,Fiction
826,Contemporary
826,Novels
827,Poetry
827,Classics
827,Fiction
827,Literature
827,Romance
827,Plays
827,European Literature
827,British Literature
827,Academic
827,School
827,Drama
827,Literature
827,English Literature
828,Young Adult
828,Fantasy
828,Paranormal
828,Romance
828,Science Fiction
828,Aliens
828,Fantasy
828,Science Fiction
829,Classics
829,Plays
829,Fiction
829,Drama
830,Fantasy
830,Young Adult
830,Science Fiction
830,Dystopia
830,Romance
831,Poetry
831,Classics
831,Fiction
831,Literature
831,Fantasy
831,Academic
831,School
832,Fantasy
832,Urban Fantasy
832,Fantasy
832,Paranormal
832,Fantasy
832,Romance
832,Shapeshifters
832,Werewolves
832,Romance
832,Paranormal Romance
833,Fantasy
833,Young Adult
833,Romance
833,Fantasy
833,Paranormal
833,Paranormal
833,Fairies
834,Fantasy
834,Young Adult
834,Romance
834,Fantasy
834,Paranormal
835,Fantasy
835,Romance
835,Fantasy
835,Fairy Tales
835,Young Adult
835,Retellings
836,Fiction
836,Thriller
836,Mystery
836,Suspense
837,Fantasy
837,Young Adult
837,Fiction
837,Fantasy
837,Magic
838,Religion
838,Christian
838,Nonfiction
838,Classics
838,Religion
838,Christianity
839,Fiction
839,Contemporary
839,Humor
839,Novels
840,Fiction
840,Contemporary
840,Literary Fiction
841,Fiction
841,Humor
841,Literature
841,Novels
842,Fantasy
842,Young Adult
842,Fiction
842,Childrens
842,Animals
843,Historical
843,Historical Fiction
843,Fiction
843,Historical
843,Romance
843,Westerns
844,Religion
844,Philosophy
844,Classics
844,Spirituality
844,Nonfiction
844,Poetry
845,Classics
845,Fiction
845,Fantasy
845,Historical
845,Historical Fiction
845,Lgbt
846,Fantasy
846,Fiction
846,Horror
847,Fantasy
847,Paranormal
847,Vampires
847,Fantasy
847,Paranormal
847,Fantasy
847,Urban Fantasy
847,Fiction
847,Romance
847,Mystery
848,Young Adult
848,Paranormal
848,Angels
848,Fantasy
848,Fantasy
848,Paranormal
848,Romance
849,Fantasy
849,Fiction
849,Humor
849,Humor
849,Comedy
849,Science Fiction Fantasy
849,Humor
849,Funny
849,Fantasy
849,Magic
849,Death
849,Science Fiction
849,Novels
850,Young Adult
850,Paranormal
850,Angels
850,Fantasy
850,Fantasy
850,Paranormal
850,Romance
851,Science Fiction
851,Fantasy
851,Young Adult
851,Science Fiction
851,Dystopia
851,Fiction
852,Fiction
852,Classics
852,Poetry
852,Literature
852,Cultural
852,Russia
852,Novels
853,Classics
853,Fiction
853,Literature
853,Historical
853,Historical Fiction
854,Classics
854,Fiction
854,Adventure
854,Science Fiction
855,Nonfiction
855,Self Help
855,Relationships
855,Marriage
855,Christian
855,Psychology
856,Young Adult
856,Paranormal
856,Vampires
856,Fantasy
856,Fantasy
856,Paranormal
857,Fiction
857,Contemporary
857,Novels
857,Thriller
858,Young Adult
858,Romance
858,Contemporary
858,Womens Fiction
858,Chick Lit
859,Young Adult
859,Romance
859,Fantasy
859,Contemporary
859,Fiction
860,Young Adult
860,Fantasy
860,Romance
860,Fantasy
860,Fairy Tales
860,Retellings
861,Fiction
861,Contemporary
861,Magical Realism
861,Novels
862,Fantasy
862,Young Adult
862,Fiction
862,Childrens
862,Middle Grade
862,Childrens
863,Fiction
863,Romance
863,Novels
863,Contemporary
864,Fiction
864,Westerns
864,Historical
864,Historical Fiction
864,Classics
864,Literature
865,Romance
865,Fiction
865,Womens Fiction
865,Chick Lit
865,Contemporary
866,Fiction
866,Romance
866,Animals
866,Animals
866,Horses
866,Contemporary
867,Fiction
867,Cultural
867,Africa
867,Southern Africa
867,South Africa
867,Literature
867,Novels
868,Childrens
868,Picture Books
868,Childrens
868,Classics
869,Fiction
869,Science Fiction
869,Science Fiction
869,Dystopia
869,Classics
869,Cultural
869,Russia
870,Young Adult
870,Paranormal
870,Vampires
870,Fantasy
870,Fantasy
870,Paranormal
870,Romance
871,Fiction
871,Classics
871,Literature
871,Novels
871,Philosophy
871,European Literature
871,British Literature
871,Literary Fiction
871,Historical
871,Historical Fiction
871,Literature
871,20th Century
871,Cultural
871,France
872,Fantasy
872,Young Adult
872,Adventure
872,Fiction
873,Romance
873,Fiction
873,Womens Fiction
873,Chick Lit
873,Contemporary
874,Classics
874,Fiction
874,Literature
874,Historical
874,Historical Fiction
875,Fantasy
875,Urban Fantasy
875,Fantasy
875,Fantasy
875,Paranormal
875,Paranormal
875,Vampires
875,Paranormal
875,Witches
875,Fantasy
875,Magic
876,Mystery
876,Fiction
876,Thriller
876,Horror
876,Suspense
877,Young Adult
877,Romance
877,Contemporary
877,Womens Fiction
877,Chick Lit
878,Paranormal
878,Vampires
878,Fantasy
878,Paranormal
878,Fantasy
878,Urban Fantasy
878,Romance
878,Paranormal Romance
878,Romance
878,Fantasy
879,Fiction
879,Classics
879,Cultural
879,France
879,European Literature
879,French Literature
879,Literature
880,Science Fiction
880,Fiction
880,Classics
881,Young Adult
881,Contemporary
881,Lgbt
881,Fiction
882,Classics
882,Plays
882,Fiction
882,Drama
883,Fantasy
883,Animals
883,Young Adult
883,Fiction
884,Romance
884,Fiction
884,Womens Fiction
884,Chick Lit
884,Contemporary
885,Horror
885,Fiction
885,Science Fiction
885,Dystopia
885,Thriller
885,Science Fiction
886,Young Adult
886,Contemporary
886,Romance
886,Fiction
887,Romance
887,Fiction
887,Womens Fiction
887,Chick Lit
887,Contemporary
888,Fantasy
888,Fiction
888,Fantasy
888,Epic Fantasy
888,Fantasy
888,High Fantasy
889,Historical
889,Historical Fiction
889,Fiction
889,Cultural
889,India
889,Romance
889,Historical
889,Classics
889,Adventure
890,Autobiography
890,Memoir
890,Nonfiction
890,Biography
890,Humor
891,Romance
891,New Adult
891,Contemporary
891,Romance
891,Contemporary Romance
892,Poetry
892,Classics
892,Literature
892,Literature
892,18th Century
892,Fiction
893,Fiction
893,Fantasy
893,Horror
893,Magical Realism
893,Audiobook
894,Religion
894,Classics
894,Nonfiction
894,Christian
894,Religion
894,Christianity
894,History
894,Philosophy
894,Reference
894,Spirituality
894,Christianity
894,Lds
895,Fiction
895,Thriller
895,Mystery
895,Thriller
895,Legal Thriller
896,Fiction
896,Mystery
896,Mystery
896,Crime
896,Thriller
896,Cultural
896,Denmark
896,European Literature
896,Scandinavian Literature
897,Fantasy
897,Fiction
897,Horror
897,Science Fiction
898,Young Adult
898,Fantasy
898,Fantasy
898,Paranormal
898,Fantasy
898,Magic
898,Paranormal
898,Vampires
898,Romance
898,Paranormal
898,Witches
898,Fantasy
898,Supernatural
898,Fantasy
898,Urban Fantasy
898,Paranormal
898,Demons
899,Young Adult
899,Fantasy
899,Fantasy
899,Paranormal
899,Shapeshifters
899,Werewolves
899,Romance
900,Mystery
900,Fiction
900,Classics
900,Mystery
900,Crime
900,Mystery
900,Noir
901,Romance
901,New Adult
901,Young Adult
901,Contemporary
902,Fiction
902,Classics
902,Literature
902,Novels
902,Literature
902,American
903,Fiction
903,Classics
903,Literature
903,Literature
903,American
904,Adventure
904,Survival
904,Adventure
904,Fiction
904,Literature
905,Womens Fiction
905,Chick Lit
905,Fiction
905,Contemporary
905,Romance
906,Classics
906,Fiction
906,Cultural
906,India
906,Historical
906,Historical Fiction
906,Literature
907,Classics
907,Fiction
907,Historical
907,Historical Fiction
907,Adventure
907,Literature
908,Fantasy
909,Fiction
909,Classics
909,Philosophy
909,European Literature
909,German Literature
909,Literature
910,Young Adult
910,Romance
910,Contemporary
910,Fiction
911,Fiction
911,Classics
911,Literature
911,Novels
912,Fantasy
912,Young Adult
912,Romance
912,Fantasy
912,Paranormal
912,Paranormal
912,Fairies
913,Young Adult
913,Paranormal
913,Vampires
913,Fantasy
913,Fantasy
913,Paranormal
913,Romance
914,Romance
914,Paranormal Romance
914,Fantasy
914,Paranormal
914,Paranormal
914,Vampires
914,Romance
914,Fantasy
915,Fiction
915,Short Stories
915,Classics
915,Literature
916,Fantasy
916,Urban Fantasy
916,Fantasy
916,Fantasy
916,Paranormal
916,Romance
916,Romance
916,Paranormal Romance
916,Shapeshifters
916,Werewolves
917,New Adult
917,Contemporary
917,Romance
917,Contemporary Romance
917,Romance
917,Adult
917,Adult Fiction
917,Erotica
918,Young Adult
918,Fantasy
918,Science Fiction
919,Science
919,Nonfiction
919,Philosophy
919,Science
919,Mathematics
920,Fiction
920,Classics
920,Womens Fiction
920,Chick Lit
920,Romance
921,Historical
921,Historical Fiction
921,Fiction
921,War
921,Classics
921,Historical
921,Romance
922,Fantasy
922,Young Adult
922,Fantasy
922,Mythology
923,Young Adult
923,Fantasy
923,Paranormal
923,Vampires
923,Fantasy
923,Paranormal
924,Young Adult
924,Fantasy
924,Science Fiction
925,Horror
925,Fiction
925,Paranormal
925,Vampires
925,Fantasy
925,Fantasy
925,Paranormal
926,Fiction
926,Historical
926,Historical Fiction
926,Cultural
926,China
926,Cultural
926,Asia
926,Contemporary
927,Plays
927,Classics
927,Drama
927,Fiction
927,Academic
927,School
927,Plays
927,Theatre
928,Fiction
928,Inspirational
928,Contemporary
929,Paranormal
929,Vampires
929,Young Adult
929,Fantasy
929,Fantasy
929,Paranormal
930,Classics
930,Mystery
930,Fiction
930,Mystery
930,Crime
930,Mystery
930,Detective
931,Fantasy
931,Young Adult
931,Fantasy
931,Mythology
931,Adventure
932,Childrens
932,Picture Books
932,Childrens
932,Humor
932,Fiction
933,Poetry
933,Classics
933,European Literature
933,Spanish Literature
933,Romance
934,Historical
934,Historical Fiction
934,Fiction
934,War
934,World War II
935,Fantasy
935,Fiction
935,Horror
935,Science Fiction
936,Nonfiction
936,Crime
936,True Crime
936,Mystery
936,Crime
936,History
936,Horror
937,Horror
937,Paranormal
937,Vampires
937,Fantasy
937,Fiction
937,Fantasy
937,Paranormal
938,Young Adult
938,Science Fiction
938,Science Fiction
938,Dystopia
938,Romance
939,Christian
939,Fiction
939,Religion
939,Classics
939,Religion
939,Christianity
939,Religion
939,Theology
939,Fantasy
940,Mystery
940,Fiction
940,Mystery
940,Crime
940,Classics
941,Young Adult
941,Romance
941,Contemporary
941,Fiction
942,Fantasy
942,Young Adult
942,Romance
942,Fantasy
942,Magic
943,Fiction
943,Historical
943,Historical Fiction
943,Cultural
943,Canada
944,Fiction
944,Mystery
944,Thriller
944,Mystery
944,Crime
945,Young Adult
945,Fantasy
945,Fantasy
945,Paranormal
945,Romance
946,Horror
946,Fiction
946,Apocalyptic
946,Post Apocalyptic
946,Fantasy
946,Science Fiction
946,Science Fiction
946,Dystopia
947,Fiction
947,Classics
947,Philosophy
947,Literature
948,Fantasy
948,Urban Fantasy
948,Fantasy
948,Fantasy
948,Paranormal
948,Romance
948,Romance
948,Paranormal Romance
948,Fairies
948,Fae
949,Fantasy
949,Fiction
949,Fantasy
949,Urban Fantasy
949,Fantasy
949,Mythology
950,Classics
950,Plays
950,Drama
950,Fiction
951,Fantasy
951,Young Adult
951,Fantasy
951,Paranormal
951,Fantasy
951,Mythology
951,Romance
951,Romance
951,Paranormal Romance
952,Fantasy
952,Young Adult
952,Romance
952,Fantasy
952,Paranormal
952,Paranormal
952,Fairies
953,Fantasy
953,Fiction
953,Fantasy
953,Epic Fantasy
953,Fantasy
953,High Fantasy
954,Historical
954,Historical Fiction
954,Fiction
954,Historical
954,Fantasy
954,Romance
955,Classics
955,Fiction
955,Christian
955,Religion
955,Christian Fiction
955,Religion
955,Christianity
956,Fiction
956,Historical
956,Historical Fiction
956,Classics
956,Cultural
956,Australia
956,Romance
956,War
957,Christian Fiction
957,Fiction
957,Christian
957,Fantasy
958,Young Adult
958,Romance
958,Contemporary
958,Realistic Fiction
959,Science Fiction
959,Fiction
959,Humor
959,Fantasy
960,Fantasy
960,Fantasy
960,Urban Fantasy
960,Mystery
960,Fiction
960,Fantasy
960,Paranormal
960,Fantasy
960,Magic
961,Historical
961,Historical Fiction
961,Fiction
961,War
961,World War II
961,World War II
961,Holocaust
962,Sequential Art
962,Graphic Novels
962,Sequential Art
962,Comics
962,History
962,Nonfiction
962,Autobiography
962,Memoir
963,Fiction
963,Classics
963,Literature
963,Novels
964,Classics
964,Poetry
964,Cultural
964,Russia
964,Fiction
964,Literature
964,Russian Literature
965,Young Adult
965,Fantasy
965,Paranormal
965,Romance
965,Science Fiction
965,Aliens
965,Fantasy
965,Science Fiction
966,Fiction
966,Philosophy
966,Classics
966,Cultural
966,France
966,Literature
966,European Literature
966,French Literature
967,Young Adult
967,Fantasy
967,Fantasy
967,Paranormal
967,Romance
967,Shapeshifters
967,Werewolves
968,Horror
968,Short Stories
968,Fiction
968,Classics
968,Fantasy
968,Science Fiction
969,Science Fiction
969,Fiction
969,Fantasy
969,Humor
969,Mystery
970,History
970,Nonfiction
970,War
970,World War I
970,Travel
970,War
970,Biography
971,Paranormal
971,Vampires
971,Fantasy
971,Paranormal
971,Fantasy
971,Urban Fantasy
971,Romance
971,Paranormal Romance
971,Romance
971,Fantasy
972,Childrens
972,Childrens
972,Picture Books
973,Fiction
973,Fantasy
973,Magical Realism
973,Romance
973,Fantasy
973,Magic
973,Paranormal
973,Witches
973,Fantasy
973,Paranormal
974,Mystery
974,Young Adult
974,Fiction
974,Fantasy
974,Childrens
974,Childrens
974,Middle Grade
974,Adventure
975,Fiction
975,Classics
975,European Literature
975,German Literature
975,Historical
975,Historical Fiction
975,Literature
975,Cultural
975,Germany
976,Fantasy
976,Young Adult
976,Science Fiction
976,Fiction
976,Childrens
976,Classics
977,Fiction
977,Science Fiction
977,Thriller
977,Science Fiction
977,Time Travel
977,Historical
977,Historical Fiction
978,Poetry
978,Contemporary
978,Fiction
979,Fiction
979,Classics
979,Historical
979,Historical Fiction
979,Literature
979,War
980,Mystery
980,Fiction
980,Historical
980,Historical Fiction
980,Historical
981,Fantasy
981,Fiction
981,Humor
982,Humor
982,Fiction
982,Fantasy
982,Humor
982,Comedy
982,Fantasy
982,Paranormal
982,Fantasy
982,Urban Fantasy
982,Humor
982,Funny
983,Fiction
983,Classics
983,Horror
983,Thriller
984,Romance
984,Fiction
984,Womens Fiction
984,Chick Lit
984,Contemporary
985,Nonfiction
985,Autobiography
985,Memoir
985,Biography
986,Fantasy
986,Young Adult
986,Romance
986,New Adult
987,Nonfiction
987,Autobiography
987,Memoir
987,Biography
987,Cultural
987,African American
988,Classics
988,Fiction
988,Science Fiction
988,Science Fiction
988,Dystopia
989,Horror
989,Fiction
989,Fantasy
990,Horror
990,Fiction
990,Fantasy
990,Mystery
991,Fiction
991,Mystery
991,Thriller
991,Mystery
991,Crime
991,Suspense
992,Fiction
992,Contemporary
993,Romance
993,New Adult
993,Contemporary
993,Romance
993,Contemporary Romance
993,Young Adult
994,Young Adult
994,Fantasy
994,Fantasy
994,Mythology
994,Romance
994,Fantasy
994,Paranormal
995,Fantasy
995,Fiction
995,Humor
996,Sequential Art
996,Comics
996,Sequential Art
996,Graphic Novels
996,Fiction
996,Dc Comics
996,Batman
996,Graphic Novels Comics
996,Comics
996,Comic Book
997,Classics
997,Fiction
997,Cultural
997,Japan
997,Asian Literature
997,Japanese Literature
997,Historical
997,Historical Fiction
998,Fantasy
998,Fiction
998,Fantasy
998,Epic Fantasy
998,Fantasy
998,High Fantasy
999,Poetry
999,Classics
999,Horror
999,Fiction
999,Gothic
1000,Horror
1000,Fiction
1000,Classics
1000,Gothic
1000,Mystery
